rank,casts,directors,writers
1,"Tim Robbins,Morgan Freeman,Bob Gunton,William Sadler,Clancy Brown,Gil Bellows,Mark Rolston,James Whitmore,Jeffrey DeMunn,Larry Brandenburg,Neil Giuntoli,Brian Libby,David Proval,Joseph Ragno,Jude Ciccolella,Paul McCrane,Renee Blaine,Scott Mann",Frank Darabont,"Stephen King,Frank Darabont"
2,"Marlon Brando,Al Pacino,James Caan,Diane Keaton,Richard S. Castellano,Robert Duvall,Sterling Hayden,John Marley,Richard Conte,Al Lettieri,Abe Vigoda,Talia Shire,Gianni Russo,John Cazale,Rudy Bond,Al Martino,Morgana King,Lenny Montana",Francis Ford Coppola,"Mario Puzo,Francis Ford Coppola"
3,"Christian Bale,Heath Ledger,Aaron Eckhart,Michael Caine,Maggie Gyllenhaal,Gary Oldman,Morgan Freeman,Monique Gabriela Curnen,Ron Dean,Cillian Murphy,Chin Han,Nestor Carbonell,Eric Roberts,Ritchie Coster,Anthony Michael Hall,Keith Szarabajka,Colin McFarlane,Joshua Harto",Christopher Nolan,"Jonathan Nolan,Christopher Nolan,David S. Goyer"
4,"Al Pacino,Robert De Niro,Robert Duvall,Diane Keaton,John Cazale,Talia Shire,Lee Strasberg,Michael V. Gazzo,G.D. Spradlin,Richard Bright,Gastone Moschin,Tom Rosqui,Bruno Kirby,Frank Sivero,Francesca De Sapio,Morgana King,Marianna Hill,Leopoldo Trieste",Francis Ford Coppola,"Francis Ford Coppola,Mario Puzo"
5,"Henry Fonda,Lee J. Cobb,Martin Balsam,John Fiedler,E.G. Marshall,Jack Klugman,Edward Binns,Jack Warden,Joseph Sweeney,Ed Begley,George Voskovec,Robert Webber,Rudy Bond,Tom Gorman,James Kelly,Billy Nelson,John Savoca,Walter Stocker",Sidney Lumet,Reginald Rose
6,"Liam Neeson,Ralph Fiennes,Ben Kingsley,Caroline Goodall,Jonathan Sagall,Embeth Davidtz,Malgorzata Gebel,Shmuel Levy,Mark Ivanir,Béatrice Macola,Andrzej Seweryn,Friedrich von Thun,Krzysztof Luft,Harry Nehring,Norbert Weisser,Adi Nitzan,Michael Schneider,Miri Fabian",Steven Spielberg,"Thomas Keneally,Steven Zaillian"
7,"Elijah Wood,Viggo Mortensen,Ian McKellen,Orlando Bloom,Noel Appleby,Ali Astin,Sean Astin,David Aston,John Bach,Sean Bean,Cate Blanchett,Billy Boyd,Sadwyn Brophy,Alistair Browning,Marton Csokas,Richard Edge,Jason Fitch,Bernard Hill",Peter Jackson,"J.R.R. Tolkien,Fran Walsh,Philippa Boyens"
8,"John Travolta,Uma Thurman,Samuel L. Jackson,Bruce Willis,Tim Roth,Amanda Plummer,Laura Lovelace,Phil LaMarr,Frank Whaley,Burr Steers,Ving Rhames,Paul Calderon,Bronagh Gallagher,Rosanna Arquette,Eric Stoltz,Jerome Patrick Hoban,Michael Gilden,Gary Shorelle",Quentin Tarantino,"Quentin Tarantino,Roger Avary"
9,"Elijah Wood,Ian McKellen,Orlando Bloom,Sean Bean,Alan Howard,Noel Appleby,Sean Astin,Sala Baker,Billy Boyd,Andy Serkis,Marton Csokas,Viggo Mortensen,Megan Edwards,Michael Elsworth,Cate Blanchett,Mark Ferguson,Ian Holm,Christopher Lee",Peter Jackson,"J.R.R. Tolkien,Fran Walsh,Philippa Boyens"
10,"Clint Eastwood,Eli Wallach,Lee Van Cleef,Aldo Giuffrè,Luigi Pistilli,Rada Rassimov,Enzo Petito,Claudio Scarchilli,John Bartha,Livio Lorenzon,Antonio Casale,Sandro Scarchilli,Benito Stefanelli,Angelo Novi,Antonio Casas,Aldo Sambrell,Al Mulock,Sergio Mendizábal",Sergio Leone,"Luciano Vincenzoni,Sergio Leone,Agenore Incrocci"
11,"Tom Hanks,Robin Wright,Gary Sinise,Sally Field,Rebecca Williams,Michael Conner Humphreys,Harold G. Herthum,George Kelly,Bob Penny,John Randall,Sam Anderson,Margo Moorer,Ione M. Telech,Christine Seabrook,John Worsham,Peter Dobson,Siobhan Fallon Hogan,Alexander Zemeckis",Robert Zemeckis,"Winston Groom,Eric Roth"
12,"Brad Pitt,Edward Norton,Meat Loaf,Zach Grenier,Richmond Arquette,David Andrews,George Maguire,Eugenie Bondurant,Christina Cabot,Helena Bonham Carter,Sydney 'Big Dawg' Colston,Rachel Singer,Christie Cronenweth,Tim DeZarn,Ezra Buzzington,Dierdre Downing-Jackson,Bob Stephenson,Charlie Dell",David Fincher,"Chuck Palahniuk,Jim Uhls"
13,"Elijah Wood,Ian McKellen,Viggo Mortensen,Orlando Bloom,Bruce Allpress,Sean Astin,John Bach,Sala Baker,Cate Blanchett,Billy Boyd,Jed Brophy,Sam Comery,Brad Dourif,Calum Gittins,Bernard Hill,Bruce Hopkins,Paris Howe Strewe,Christopher Lee",Peter Jackson,"J.R.R. Tolkien,Fran Walsh,Philippa Boyens"
14,"Leonardo DiCaprio,Joseph Gordon-Levitt,Elliot Page,Ken Watanabe,Tom Hardy,Dileep Rao,Cillian Murphy,Tom Berenger,Marion Cotillard,Pete Postlethwaite,Michael Caine,Lukas Haas,Tai-Li Lee,Claire Geare,Magnus Nolan,Taylor Geare,Johnathan Geare,Tohoru Masamune",Christopher Nolan,Christopher Nolan
15,"Mark Hamill,Harrison Ford,Carrie Fisher,Billy Dee Williams,Anthony Daniels,David Prowse,Peter Mayhew,Kenny Baker,Frank Oz,Alec Guinness,Jeremy Bulloch,John Hollis,Jack Purvis,Des Webb,Clive Revill,Kenneth Colley,Julian Glover,Michael Sheard",Irvin Kershner,"Leigh Brackett,Lawrence Kasdan,George Lucas"
16,"Keanu Reeves,Laurence Fishburne,Carrie-Anne Moss,Hugo Weaving,Gloria Foster,Joe Pantoliano,Marcus Chong,Julian Arahanga,Matt Doran,Belinda McClory,Anthony Ray Parker,Paul Goddard,Robert Taylor,David Aston,Marc Aden Gray,Ada Nicodemou,Deni Gordon,Rowan Witt","Lana Wachowski,Lilly Wachowski","Lilly Wachowski,Lana Wachowski"
17,"Robert De Niro,Ray Liotta,Joe Pesci,Lorraine Bracco,Paul Sorvino,Frank Sivero,Tony Darrow,Mike Starr,Frank Vincent,Chuck Low,Frank DiLeo,Henny Youngman,Gina Mastrogiacomo,Catherine Scorsese,Charles Scorsese,Suzanne Shepherd,Debi Mazar,Margo Winkler",Martin Scorsese,"Nicholas Pileggi,Martin Scorsese"
18,"Jack Nicholson,Louise Fletcher,Michael Berryman,Peter Brocco,Dean R. Brooks,Alonzo Brown,Scatman Crothers,Mwako Cumbuka,Danny DeVito,William Duell,Josip Elic,Lan Fendors,Nathan George,Ken Kenny,Mel Lambert,Sydney Lassick,Kay Lee,Christopher Lloyd",Milos Forman,"Lawrence Hauben,Bo Goldman,Ken Kesey"
19,"Morgan Freeman,Brad Pitt,Kevin Spacey,Andrew Kevin Walker,Daniel Zacapa,Gwyneth Paltrow,John Cassini,Bob Mack,Peter Crombie,Reg E. Cathey,R. Lee Ermey,George Christy,Endre Hules,Hawthorne James,William Davidson,Bob Collins,Jimmy Dale Hartsell,Richard Roundtree",David Fincher,Andrew Kevin Walker
20,"Toshirô Mifune,Takashi Shimura,Keiko Tsushima,Yukiko Shimazaki,Kamatari Fujiwara,Daisuke Katô,Isao Kimura,Minoru Chiaki,Seiji Miyaguchi,Yoshio Kosugi,Bokuzen Hidari,Yoshio Inaba,Yoshio Tsuchiya,Kokuten Kôdô,Eijirô Tôno,Kichijirô Ueda,Jun Tatara,Atsushi Watanabe",Akira Kurosawa,"Akira Kurosawa,Shinobu Hashimoto,Hideo Oguni"
21,"James Stewart,Donna Reed,Lionel Barrymore,Thomas Mitchell,Henry Travers,Beulah Bondi,Frank Faylen,Ward Bond,Gloria Grahame,H.B. Warner,Frank Albertson,Todd Karns,Samuel S. Hinds,Mary Treen,Virginia Patton,Charles Williams,Sarah Edwards,William Edmunds",Frank Capra,"Frances Goodrich,Albert Hackett,Frank Capra"
22,"Jodie Foster,Anthony Hopkins,Lawrence A. Bonney,Kasi Lemmons,Lawrence T. Wrentz,Scott Glenn,Anthony Heald,Frankie Faison,Don Brockett,Frank Seals Jr.,Stuart Rudin,Maria Skorobogatov,Jeffrie Lane,Leib Lensky,George 'Red' Schwartz,Jim Roche,Brooke Smith,Ted Levine",Jonathan Demme,"Thomas Harris,Ted Tally"
23,"Alexandre Rodrigues,Leandro Firmino,Matheus Nachtergaele,Phellipe Haagensen,Douglas Silva,Jonathan Haagensen,Seu Jorge,Jefechander Suplino,Alice Braga,Emerson Gomes,Edson Oliveira,Michel Gomes,Roberta Rodrigues,Luis Otávio,Kiko Marques,Gustavo Engrácia,Darlan Cunha,Robson Rocha","Fernando Meirelles,Kátia Lund(co-director)","Paulo Lins,Bráulio Mantovani"
24,"Tom Hanks,Matt Damon,Tom Sizemore,Edward Burns,Barry Pepper,Adam Goldberg,Vin Diesel,Giovanni Ribisi,Jeremy Davies,Ted Danson,Paul Giamatti,Dennis Farina,Joerg Stadler,Max Martini,Dylan Bruno,Daniel Cerqueira,Demetri Goritsas,Ian Porter",Steven Spielberg,Robert Rodat
25,"Matthew McConaughey,Anne Hathaway,Jessica Chastain,Mackenzie Foy,Ellen Burstyn,John Lithgow,Timothée Chalamet,David Oyelowo,Collette Wolfe,Francis X. McCarthy,Bill Irwin,Andrew Borba,Wes Bentley,William Devane,Michael Caine,David Gyasi,Josh Stewart,Casey Affleck",Christopher Nolan,"Jonathan Nolan,Christopher Nolan"
26,"Roberto Benigni,Nicoletta Braschi,Giorgio Cantarini,Giustino Durano,Sergio Bini Bustric,Marisa Paredes,Horst Buchholz,Lidia Alfonsi,Giuliana Lojodice,Amerigo Fontani,Pietro De Silva,Francesco Guzzo,Raffaella Lebboroni,Claudio Alfonsi,Gil Baroni,Massimo Bianchi,Jürgen Bohn,Verena Buratti",Roberto Benigni,"Vincenzo Cerami,Roberto Benigni"
27,"Tom Hanks,Michael Clarke Duncan,David Morse,Bonnie Hunt,James Cromwell,Michael Jeter,Graham Greene,Doug Hutchison,Sam Rockwell,Barry Pepper,Jeffrey DeMunn,Patricia Clarkson,Harry Dean Stanton,Dabbs Greer,Eve Brent,William Sadler,Mack Miles,Rai Tasco",Frank Darabont,"Stephen King,Frank Darabont"
28,"Mark Hamill,Harrison Ford,Carrie Fisher,Alec Guinness,Peter Cushing,Anthony Daniels,Kenny Baker,Peter Mayhew,David Prowse,Phil Brown,Shelagh Fraser,Jack Purvis,Alex McCrindle,Eddie Byrne,Drewe Henley,Denis Lawson,Garrick Hagon,Jack Klaff",George Lucas,George Lucas
29,"Arnold Schwarzenegger,Linda Hamilton,Edward Furlong,Robert Patrick,Earl Boen,Joe Morton,S. Epatha Merkerson,Castulo Guerra,Danny Cooksey,Jenette Goldstein,Xander Berkeley,Leslie Hamilton Gearren,Ken Gibbel,Robert Winley,Peter Schrum,Shane Wilder,Michael Edwards,Jared Lounsbery",James Cameron,"James Cameron,William Wisher"
30,"Michael J. Fox,Christopher Lloyd,Lea Thompson,Crispin Glover,Tom Wilson,Claudia Wells,Marc McClure,Wendie Jo Sperber,George DiCenzo,Frances Lee McCain,James Tolkan,J.J. Cohen,Casey Siemaszko,Billy Zane,Harry Waters Jr.,Donald Fullilove,Lisa Freeman,Cristen Kauffman",Robert Zemeckis,"Robert Zemeckis,Bob Gale"
31,"Daveigh Chase,Suzanne Pleshette,Miyu Irino,Rumi Hiiragi,Mari Natsuki,Takashi Naitô,Yasuko Sawaguchi,Tatsuya Gashûin,Ryûnosuke Kamiki,Yumi Tamai,Yô Ôizumi,Koba Hayashi,Tsunehiko Kamijô,Takehiko Ono,Bunta Sugawara,Shigeru Wakita,Shirô Saitô,Michiko Yamamoto",Hayao Miyazaki,Hayao Miyazaki
32,"Adrien Brody,Thomas Kretschmann,Frank Finlay,Emilia Fox,Michal Zebrowski,Ed Stoppard,Maureen Lipman,Jessica Kate Meyer,Julia Rayner,Wanja Mues,Richard Ridings,Nomi Sharron,Anthony Milner,Lucy Skeaping,Roddy Skeaping,Ben Harlan,Thomas Lawinky,Joachim Paul Assböck",Roman Polanski,"Ronald Harwood,Wladyslaw Szpilman"
33,"Anthony Perkins,Janet Leigh,Vera Miles,John Gavin,Martin Balsam,John McIntire,Simon Oakland,Frank Albertson,Patricia Hitchcock,Vaughn Taylor,Lurene Tuttle,John Anderson,Mort Mills,Fletcher Allen,Walter Bacon,Prudence Beers,Kit Carson,Francis De Sales",Alfred Hitchcock,"Joseph Stefano,Robert Bloch"
34,"Song Kang-ho,Lee Sun-kyun,Cho Yeo-jeong,Choi Woo-sik,Park So-dam,Lee Jeong-eun,Jang Hye-jin,Park Myeong-hoon,Jung Ji-so,Jung Hyun-jun,Park Keun-rok,Jung Yi-seo,Jo Jae-myeong,Jung Ik-han,Kim Kyu-baek,Hwang In-kyung,Ahn Seong-bong,Kim Jin-hyung",Bong Joon Ho,"Bong Joon Ho,Han Jin-won"
35,"Jean Reno,Gary Oldman,Natalie Portman,Danny Aiello,Peter Appel,Willi One Blood,Don Creech,Keith A. Glascoe,Randolph Scott,Michael Badalucco,Ellen Greene,Elizabeth Regen,Carl J. Matusovich,Frank Senger,Lucius Wyatt Cherokee,Eric Challier,Luc Bernard,Maïwenn",Luc Besson,Luc Besson
36,"Matthew Broderick,Jeremy Irons,James Earl Jones,Whoopi Goldberg,Rowan Atkinson,Niketa Calame-Harris,Jim Cummings,Robert Guillaume,Moira Kelly,Nathan Lane,Zoe Leader,Cheech Marin,Ernie Sabella,Madge Sinclair,Jonathan Taylor Thomas,Frank Welker,Cathy Cavadini,Judi M. Durand","Roger Allers,Rob Minkoff","Irene Mecchi,Jonathan Roberts,Linda Woolverton"
37,"Russell Crowe,Joaquin Phoenix,Connie Nielsen,Oliver Reed,Richard Harris,Derek Jacobi,Djimon Hounsou,David Schofield,John Shrapnel,Tomas Arana,Ralf Moeller,Spencer Treat Clark,David Hemmings,Tommy Flanagan,Sven-Ole Thorsen,Omid Djalili,Nicholas McGaughey,Chris Kell",Ridley Scott,"David Franzoni,John Logan,William Nicholson"
38,"Edward Norton,Edward Furlong,Beverly D'Angelo,Jennifer Lien,Ethan Suplee,Fairuza Balk,Avery Brooks,Elliott Gould,Stacy Keach,William Russ,Guy Torry,Joe Cortese,Jason Bose Smith,Antonio David Lyons,Alex Sol,Keram Malicki-Sánchez,Giuseppe Andrews,Michelle Christine White",Tony Kaye,David McKenna
39,"Leonardo DiCaprio,Matt Damon,Jack Nicholson,Mark Wahlberg,Martin Sheen,Ray Winstone,Vera Farmiga,Anthony Anderson,Alec Baldwin,Kevin Corrigan,James Badge Dale,David O'Hara,Mark Rolston,Robert Wahlberg,Kristen Dalton,Thomas B. Duffy,Richard Hughes,J.C. MacKenzie",Martin Scorsese,"William Monahan,Alan Mak,Felix Chong"
40,"Kevin Spacey,Gabriel Byrne,Chazz Palminteri,Stephen Baldwin,Benicio Del Toro,Kevin Pollak,Pete Postlethwaite,Suzy Amis,Giancarlo Esposito,Dan Hedaya,Paul Bartel,Carl Bressler,Phillipe Simon,Jack Shearer,Christine Estabrook,Clark Gregg,Morgan Hunter,Ken Daly",Bryan Singer,Christopher McQuarrie
41,"Christian Bale,Hugh Jackman,Scarlett Johansson,Michael Caine,Piper Perabo,Rebecca Hall,Samantha Mahurin,David Bowie,Andy Serkis,Daniel Davis,Jim Piddock,Christopher Neame,Mark Ryan,Roger Rees,Jamie Harris,Monty Stuart,Ron Perkins,Ricky Jay",Christopher Nolan,"Jonathan Nolan,Christopher Nolan,Christopher Priest"
42,"Miles Teller,J.K. Simmons,Melissa Benoist,Paul Reiser,Austin Stowell,Nate Lang,Chris Mulkey,Damon Gupton,Suanne Spoke,Max Kasch,Charlie Ian,Jayson Blair,Kofi Siriboe,Kavita Patil,C.J. Vana,Tarik Lowe,Tyler Kimball,Rogelio Douglas Jr.",Damien Chazelle,Damien Chazelle
43,"Humphrey Bogart,Ingrid Bergman,Paul Henreid,Claude Rains,Conrad Veidt,Sydney Greenstreet,Peter Lorre,S.Z. Sakall,Madeleine Lebeau,Dooley Wilson,Joy Page,John Qualen,Leonid Kinskey,Curt Bois,Abdullah Abbas,Enrique Acosta,Ed Agresti,Arnet Amos",Michael Curtiz,"Julius J. Epstein,Philip G. Epstein,Howard Koch"
44,"Tsutomu Tatsumi,Ayano Shiraishi,Akemi Yamaguchi,Yoshiko Shinohara,Kôzô Hashida,Masayo Sakai,Kazumi Nozaki,Yoshio Matsuoka,Masahiro Kanetake,Kiyoshi Yanagawa,Hajime Maki,Atsuo Omote,Teruhisa Harita,Hiroshi Tanaka,Michio Denpô,Shirô Tamaki,Tadashi Nakamura,Mika Sekita",Isao Takahata,"Akiyuki Nosaka,Isao Takahata"
45,"Tatsuya Nakadai,Akira Ishihama,Shima Iwashita,Tetsurô Tanba,Masao Mishima,Ichirô Nakatani,Kei Satô,Yoshio Inaba,Hisashi Igawa,Tôru Takeuchi,Yoshirô Aoki,Tatsuo Matsumura,Akiji Kobayashi,Kôichi Hayashi,Ryûtarô Gomi,Jô Azumi,Nakajirô Tomita,Shichisaburô Amatsu",Masaki Kobayashi,"Yasuhiko Takiguchi,Shinobu Hashimoto"
46,"François Cluzet,Omar Sy,Anne Le Ny,Audrey Fleurot,Joséphine de Meaux,Clotilde Mollet,Alba Gaïa Bellugi,Cyril Mendy,Salimata Kamate,Absa Diatou Toure,Grégoire Oestermann,Dominique Daguier,François Caron,Christian Ameri,Thomas Solivérès,Dorothée Brière,Marie-Laure Descoureaux,Émilie Caen","Olivier Nakache,Éric Toledano","Olivier Nakache,Éric Toledano,Philippe Pozzo di Borgo"
47,"Charles Chaplin,Paulette Goddard,Henry Bergman,Tiny Sandford,Chester Conklin,Hank Mann,Stanley Blystone,Al Ernest Garcia,Richard Alexander,Cecil Reynolds,Mira McKinney,Murdock MacQuarrie,Wilfred Lucas,Edward LeSaint,Fred Malatesta,Sammy Stein,Juana Sutton,Ted Oliver",Charles Chaplin,Charles Chaplin
48,"Henry Fonda,Charles Bronson,Claudia Cardinale,Jason Robards,Gabriele Ferzetti,Paolo Stoppa,Woody Strode,Jack Elam,Keenan Wynn,Frank Wolff,Lionel Stander,Livio Andronico,Salvatore Basile,Aldo Berti,Joseph Bradley,Frank Braña,Marilù Carteny,Saturno Cerra",Sergio Leone,"Sergio Donati,Sergio Leone,Dario Argento"
49,"James Stewart,Grace Kelly,Wendell Corey,Thelma Ritter,Raymond Burr,Judith Evelyn,Ross Bagdasarian,Georgine Darcy,Sara Berner,Frank Cady,Jesslyn Fax,Rand Harper,Irene Winston,Havis Davenport,Jerry Antes,Barbara Bailey,Benny Bartlett,Nick Borgani",Alfred Hitchcock,"John Michael Hayes,Cornell Woolrich"
50,"Philippe Noiret,Enzo Cannavale,Antonella Attili,Isa Danieli,Leo Gullotta,Marco Leonardi,Pupella Maggio,Agnese Nano,Leopoldo Trieste,Salvatore Cascio,Tano Cimarosa,Nicola Di Pinto,Roberta Lena,Nino Terzo,Jacques Perrin,Nellina Laganà,Turi Giuffrida,Mariella Lo Giudice",Giuseppe Tornatore,"Giuseppe Tornatore,Vanna Paoli"
51,"Sigourney Weaver,Tom Skerritt,John Hurt,Veronica Cartwright,Harry Dean Stanton,Ian Holm,Yaphet Kotto,Bolaji Badejo,Helen Horton,Eddie Powell",Ridley Scott,"Dan O'Bannon,Ronald Shusett"
52,"Charles Chaplin,Virginia Cherrill,Florence Lee,Harry Myers,Al Ernest Garcia,Hank Mann,Johnny Aber,Jack Alexander,T.S. Alexander,Victor Alexander,Albert Austin,Harry Ayers,Eddie Baker,Henry Bergman,Edward Biby,Betty Blair,Buster Brodie,Jeanne Carpenter",Charles Chaplin,"Charles Chaplin,Harry Carr,Harry Crocker"
53,"Martin Sheen,Marlon Brando,Robert Duvall,Frederic Forrest,Sam Bottoms,Laurence Fishburne,Albert Hall,Harrison Ford,Dennis Hopper,G.D. Spradlin,Jerry Ziesmer,Scott Glenn,Bo Byers,James Keane,Kerry Rossall,Ron McQueen,Tom Mason,Cynthia Wood",Francis Ford Coppola,"John Milius,Francis Ford Coppola,Michael Herr"
54,"Guy Pearce,Carrie-Anne Moss,Joe Pantoliano,Mark Boone Junior,Russ Fega,Jorja Fox,Stephen Tobolowsky,Harriet Sansom Harris,Thomas Lennon,Callum Keith Rennie,Kimberly Campbell,Marianne Muellerleile,Larry Holden,Stephanie Searson,Buzz Visconti",Christopher Nolan,"Christopher Nolan,Jonathan Nolan"
55,"Jamie Foxx,Christoph Waltz,Leonardo DiCaprio,Kerry Washington,Samuel L. Jackson,Walton Goggins,Dennis Christopher,James Remar,David Steen,Dana Gourrier,Nichole Galicia,Laura Cayouette,Ato Essandoh,Sammi Rotibi,Clay Donahue Fontenot,Escalante Lundy,Miriam F. Glover,Don Johnson",Quentin Tarantino,Quentin Tarantino
56,"Harrison Ford,Karen Allen,Paul Freeman,John Rhys-Davies,Ronald Lacey,Denholm Elliott,Alfred Molina,Wolf Kahler,Anthony Higgins,Vic Tablian,Don Fellows,William Hootkins,Bill Reimbold,Fred Sorenson,Patrick Durkin,Matthew Scurfield,Malcolm Weaver,Sonny Caldinez",Steven Spielberg,"Lawrence Kasdan,George Lucas,Philip Kaufman"
57,"Ben Burtt,Elissa Knight,Jeff Garlin,Fred Willard,MacInTalk,John Ratzenberger,Kathy Najimy,Sigourney Weaver,Karleen Griffin,Kim Kopf,Niki McElroy,Garrett Palmer,Jessica Skelton,Kai Steel Smith,Michael Toy",Andrew Stanton,"Andrew Stanton,Pete Docter,Jim Reardon"
58,"Ulrich Mühe,Martina Gedeck,Sebastian Koch,Ulrich Tukur,Thomas Thieme,Hans-Uwe Bauer,Volkmar Kleinert,Matthias Brenner,Charly Hübner,Herbert Knaup,Bastian Trost,Marie Gruber,Volker Michalowski,Werner Daehn,Martin Brambach,Hubertus Hartmann,Thomas Arnold,Hinnerk Schönemann",Florian Henckel von Donnersmarck,Florian Henckel von Donnersmarck
59,"William Holden,Gloria Swanson,Erich von Stroheim,Nancy Olson,Fred Clark,Lloyd Gough,Jack Webb,Franklyn Farnum,Larry J. Blake,Charles Dayton,Cecil B. DeMille,Hedda Hopper,Buster Keaton,Anna Q. Nilsson,H.B. Warner,Ray Evans,Jay Livingston,Fred Aldrich",Billy Wilder,"Charles Brackett,Billy Wilder,D.M. Marshman Jr."
60,"Kirk Douglas,Ralph Meeker,Adolphe Menjou,George Macready,Wayne Morris,Richard Anderson,Joe Turkel,Christiane Kubrick,Jerry Hausner,Peter Capell,Emile Meyer,Bert Freed,Kem Dibbs,Timothy Carey,Fred Bell,John Stein,Harold Benedict,Leon Briggs",Stanley Kubrick,"Stanley Kubrick,Calder Willingham,Jim Thompson"
61,"Jack Nicholson,Shelley Duvall,Danny Lloyd,Scatman Crothers,Barry Nelson,Philip Stone,Joe Turkel,Anne Jackson,Tony Burton,Lia Beldam,Billie Gibson,Barry Dennen,David Baxt,Manning Redwood,Lisa Burns,Louise Burns,Robin Pappas,Alison Coleridge",Stanley Kubrick,"Stephen King,Stanley Kubrick,Diane Johnson"
62,"Charles Chaplin,Paulette Goddard,Jack Oakie,Reginald Gardiner,Henry Daniell,Billy Gilbert,Grace Hayle,Carter DeHaven,Maurice Moscovitch,Emma Dunn,Bernard Gorcey,Paul Weigel,Chester Conklin,Esther Michelson,Hank Mann,Florence Wright,Eddie Gribbon,Rudolph Anders",Charles Chaplin,Charles Chaplin
63,"Robert Downey Jr.,Chris Hemsworth,Mark Ruffalo,Chris Evans,Scarlett Johansson,Don Cheadle,Benedict Cumberbatch,Tom Holland,Chadwick Boseman,Zoe Saldana,Karen Gillan,Tom Hiddleston,Paul Bettany,Elizabeth Olsen,Anthony Mackie,Sebastian Stan,Idris Elba,Danai Gurira","Anthony Russo,Joe Russo","Christopher Markus,Stephen McFeely,Stan Lee"
64,"Tyrone Power,Marlene Dietrich,Charles Laughton,Elsa Lanchester,John Williams,Henry Daniell,Ian Wolfe,Torin Thatcher,Norma Varden,Una O'Connor,Francis Compton,Philip Tonge,Ruta Lee,Patrick Aherne,Don Ames,Walter Bacon,Eddie Baker,Benjie Bancroft",Billy Wilder,"Agatha Christie,Billy Wilder,Harry Kurnitz"
65,"Sigourney Weaver,Michael Biehn,Carrie Henn,Paul Reiser,Lance Henriksen,Bill Paxton,William Hope,Jenette Goldstein,Al Matthews,Mark Rolston,Ricco Ross,Colette Hiller,Daniel Kash,Cynthia Dale Scott,Tip Tipping,Trevor Steedman,Paul Maxwell,Valerie Colgan",James Cameron,"James Cameron,David Giler,Walter Hill"
66,"Shameik Moore,Jake Johnson,Hailee Steinfeld,Mahershala Ali,Brian Tyree Henry,Lily Tomlin,Luna Lauren Velez,Zoë Kravitz,John Mulaney,Kimiko Glenn,Nicolas Cage,Kathryn Hahn,Liev Schreiber,Chris Pine,Natalie Morales,Edwin R. Habacon,Oscar Isaac,Greta Lee","Bob Persichetti,Peter Ramsey,Rodney Rothman","Phil Lord,Rodney Rothman"
67,"Kevin Spacey,Annette Bening,Thora Birch,Wes Bentley,Mena Suvari,Peter Gallagher,Allison Janney,Chris Cooper,Scott Bakula,Sam Robards,Barry Del Sherman,Ara Celi,John Cho,Fort Atkinson,Sue Casey,Kent Faulcon,Brenda Wehle,Lisa Cloud",Sam Mendes,Alan Ball
68,"Peter Sellers,George C. Scott,Sterling Hayden,Keenan Wynn,Slim Pickens,Peter Bull,James Earl Jones,Tracy Reed,Jack Creley,Frank Berry,Robert O'Neil,Glenn Beck,Roy Stephens,Shane Rimmer,Hal Galili,Paul Tamarin,Laurence Herder,Gordon Tanner",Stanley Kubrick,"Stanley Kubrick,Terry Southern,Peter George"
69,"Christian Bale,Tom Hardy,Anne Hathaway,Gary Oldman,Joseph Gordon-Levitt,Marion Cotillard,Morgan Freeman,Michael Caine,Matthew Modine,Alon Aboutboul,Ben Mendelsohn,Burn Gorman,Daniel Sunjata,Aidan Gillen,Sam Kennard,Aliash Tepina,Nestor Carbonell,Brett Cullen",Christopher Nolan,"Jonathan Nolan,Christopher Nolan,David S. Goyer"
70,"Choi Min-sik,Yoo Ji-tae,Kang Hye-jeong,Kim Byeong-Ok,Dae-han Ji,Dal-su Oh,Seung-shin Lee,Jin-Seo Yoon,Tae-kyung Oh,Yoo Yeon-Seok,Il-han Oo,Young-hee Lee,Young-ae Kim,Mi Mi Lee,Jae-Duk Han,Jung Ae Kwak,San Kim,Chae-soo Jang",Park Chan-wook,"Garon Tsuchiya,Nobuaki Minegishi,Park Chan-wook"
71,"Brad Pitt,Diane Kruger,Eli Roth,Mélanie Laurent,Christoph Waltz,Michael Fassbender,Daniel Brühl,Til Schweiger,Gedeon Burkhard,Jacky Ido,B.J. Novak,Omar Doom,August Diehl,Denis Ménochet,Sylvester Groth,Martin Wuttke,Mike Myers,Julie Dreyfus",Quentin Tarantino,Quentin Tarantino
72,"F. Murray Abraham,Tom Hulce,Elizabeth Berridge,Roy Dotrice,Simon Callow,Christine Ebersole,Jeffrey Jones,Charles Kay,Kenneth McMillan,Kenny Baker,Lisbeth Bartlett,Barbara Bryne,Martin Cavina,Roderick Cook,Milan Demjanenko,Peter DiGesu,Richard Frank,Patrick Hines",Milos Forman,"Peter Shaffer,Zdenek Mahler"
73,"Anthony Gonzalez,Gael García Bernal,Benjamin Bratt,Alanna Ubach,Renee Victor,Jaime Camil,Alfonso Arau,Herbert Siguenza,Gabriel Iglesias,Lombardo Boyar,Ana Ofelia Murguía,Natalia Cordova-Buckley,Selene Luna,Edward James Olmos,Sofía Espinosa,Carla Medina,Dyana Ortelli,Luis Valdez","Lee Unkrich,Adrian Molina(co-directed by)","Lee Unkrich,Jason Katz,Matthew Aldrich"
74,"Tom Hanks,Tim Allen,Don Rickles,Jim Varney,Wallace Shawn,John Ratzenberger,Annie Potts,John Morris,Erik von Detten,Laurie Metcalf,R. Lee Ermey,Sarah Rayne,Penn Jillette,Jack Angel,Spencer Aste,Greg Berg,Lisa Bradley,Kendall Cunningham",John Lasseter,"John Lasseter,Pete Docter,Andrew Stanton"
75,"Joaquin Phoenix,Robert De Niro,Zazie Beetz,Frances Conroy,Brett Cullen,Shea Whigham,Bill Camp,Glenn Fleshler,Leigh Gill,Josh Pais,Rocco Luna,Marc Maron,Sondra James,Murphy Guyer,Douglas Hodge,Dante Pereira-Olson,Carrie Louise Putrello,Sharon Washington",Todd Phillips,"Todd Phillips,Scott Silver,Bob Kane"
76,"Mel Gibson,Sophie Marceau,Patrick McGoohan,Angus Macfadyen,James Robinson,Sean Lawlor,Sandy Nelson,James Cosmo,Sean McGinley,Alan Tall,Andrew Weir,Gerda Stevenson,Ralph Riach,Mhairi Calvey,Brian Cox,Peter Hanly,Stephen Billington,Barry McGovern",Mel Gibson,Randall Wallace
77,"Jürgen Prochnow,Herbert Grönemeyer,Klaus Wennemann,Hubertus Bengsch,Martin Semmelrogge,Bernd Tauber,Erwin Leder,Martin May,Heinz Hoenig,Uwe Ochsenknecht,Claude-Oliver Rudolph,Jan Fedder,Ralf Richter,Joachim Bernhard,Oliver Stritzel,Konrad Becker,Lutz Schnell,Martin Hemme",Wolfgang Petersen,"Wolfgang Petersen,Lothar G. Buchheim"
78,"Robert Downey Jr.,Chris Evans,Mark Ruffalo,Chris Hemsworth,Scarlett Johansson,Jeremy Renner,Don Cheadle,Paul Rudd,Benedict Cumberbatch,Chadwick Boseman,Brie Larson,Tom Holland,Karen Gillan,Zoe Saldana,Evangeline Lilly,Tessa Thompson,Rene Russo,Elizabeth Olsen","Anthony Russo,Joe Russo","Christopher Markus,Stephen McFeely,Stan Lee"
79,"Yôji Matsuda,Yuriko Ishida,Yûko Tanaka,Billy Crudup,Billy Bob Thornton,Minnie Driver,John DiMaggio,Claire Danes,John DeMita,Jada Pinkett Smith,Gillian Anderson,Keith David,Corey Burton,Tara Strong,Julia Fletcher,Debi Derryberry,Alex Fernandez,Jack Fletcher",Hayao Miyazaki,"Hayao Miyazaki,Neil Gaiman"
80,"Robert De Niro,James Woods,Elizabeth McGovern,Treat Williams,Tuesday Weld,Burt Young,Joe Pesci,Danny Aiello,William Forsythe,James Hayden,Darlanne Fluegel,Larry Rapp,Dutch Miller,Robert Harper,Richard Bright,Gerard Murphy,Amy Ryder,Olga Karlatos",Sergio Leone,"Harry Grey,Leonardo Benvenuti,Piero De Bernardi"
81,"Robin Williams,Matt Damon,Ben Affleck,Stellan Skarsgård,John Mighton,Rachel Majorowski,Colleen McCauley,Casey Affleck,Cole Hauser,Matt Mercier,Ralph St. George,Rob Lynds,Dan Washington,Alison Folland,Derrick Bridgeman,Vik Sahay,Shannon Egleson,Rob Lyons",Gus Van Sant,"Matt Damon,Ben Affleck"
82,"Ryûnosuke Kamiki,Mone Kamishiraishi,Ryô Narita,Aoi Yûki,Nobunaga Shimazaki,Kaito Ishikawa,Kanon Tani,Masaki Terasoma,Sayaka Ôhara,Kazuhiko Inoue,Chafûrin,Kana Hanazawa,Yuka Terasaki,Takashi Onozuka,Yôhei Namekawa,Miyu Tsuji,Shin'ya Hamazoe,Kanami Satô",Makoto Shinkai,"Makoto Shinkai,Clark Cheng"
83,"Aamir Khan,Madhavan,Mona Singh,Sharman Joshi,Kareena Kapoor,Boman Irani,Omi Vaidya,Olivier Lafont,Rahul Kumar,Parikshit Sahni,Farida Dadi,Amardeep Jha,Mukund Bhatt,Chaitali Bose,Jaaved Jaaferi,Jayant Kripalani,Arun Bali,Shoaib Ahmed",Rajkumar Hirani,"Rajkumar Hirani,Abhijat Joshi,Vidhu Vinod Chopra"
84,"Gene Kelly,Donald O'Connor,Debbie Reynolds,Jean Hagen,Millard Mitchell,Cyd Charisse,Douglas Fowley,Rita Moreno,Dawn Addams,John Albright,Betty Allen,Sue Allen,John Angelo,Marie Ardell,Bette Arlen,David Bair,Lynn Bari,Jimmy Bates","Stanley Donen,Gene Kelly","Betty Comden,Adolph Green"
85,"Ellen Burstyn,Jared Leto,Jennifer Connelly,Marlon Wayans,Christopher McDonald,Louise Lasser,Marcia Jean Kurtz,Janet Sarno,Suzanne Shepherd,Joanne Gordon,Charlotte Aronofsky,Mark Margolis,Michael Kaycheck,Jack O'Connell,Chas Mastin,Ajay Naidu,Sean Gullette,Samia Shoaib",Darren Aronofsky,"Hubert Selby Jr.,Darren Aronofsky"
86,"Tom Hanks,Tim Allen,Joan Cusack,Ned Beatty,Don Rickles,Michael Keaton,Wallace Shawn,John Ratzenberger,Estelle Harris,John Morris,Jodi Benson,Emily Ricks Hahn,Laurie Metcalf,Blake Clark,Teddy Newton,Bud Luckey,Bea Miller,Javier Fernández-Peña",Lee Unkrich,"John Lasseter,Andrew Stanton,Lee Unkrich"
87,"Toshirô Mifune,Yutaka Sada,Tatsuya Nakadai,Kyôko Kagawa,Tatsuya Mihashi,Isao Kimura,Kenjirô Ishiyama,Takeshi Katô,Takashi Shimura,Jun Tazaki,Nobuo Nakamura,Yûnosuke Itô,Tsutomu Yamazaki,Minoru Chiaki,Eijirô Tôno,Masao Shimizu,Masahiko Shimazu,Toshio Egi",Akira Kurosawa,"Hideo Oguni,Ryûzô Kikushima,Eijirô Hisaita"
88,"Zain Al Rafeea,Yordanos Shiferaw,Boluwatife Treasure Bankole,Kawsar Al Haddad,Fadi Yousef,Cedra Izzam,Alaa Chouchnieh,Elias Khoury,Mohammad Al Abdallah,Mohamad Abdellatif,Abdo Abdo,Hampig Abraham,Jamil Ahmad,Mohamad Akkar,Elias Akobegia,Riman Al Rafeea,Legamett Alamou,Majd Nabil Alhalabi",Nadine Labaki,"Nadine Labaki,Jihad Hojeily,Michelle Keserwany"
89,"Mark Hamill,Harrison Ford,Carrie Fisher,Billy Dee Williams,Anthony Daniels,Peter Mayhew,Sebastian Shaw,Ian McDiarmid,Frank Oz,James Earl Jones,David Prowse,Alec Guinness,Kenny Baker,Michael Pennington,Kenneth Colley,Michael Carter,Denis Lawson,Tim Rose",Richard Marquand,"Lawrence Kasdan,George Lucas"
90,"Jim Carrey,Kate Winslet,Tom Wilkinson,Gerry Robert Byrne,Elijah Wood,Thomas Jay Ryan,Mark Ruffalo,Jane Adams,David Cross,Kirsten Dunst,Ryan Whitney,Debbon Ayer,Amir Ali Said,Brian Price,Paulie Litt,Josh Flitter,Lola Daehler,Deirdre O'Connell",Michel Gondry,"Charlie Kaufman,Michel Gondry,Pierre Bismuth"
91,"Keir Dullea,Gary Lockwood,William Sylvester,Daniel Richter,Leonard Rossiter,Margaret Tyzack,Robert Beatty,Sean Sullivan,Douglas Rain,Frank Miller,Bill Weston,Ed Bishop,Glenn Beck,Alan Gifford,Ann Gillis,Edwina Carroll,Penny Brahms,Heather Downham",Stanley Kubrick,"Stanley Kubrick,Arthur C. Clarke"
92,"Harvey Keitel,Tim Roth,Michael Madsen,Chris Penn,Steve Buscemi,Lawrence Tierney,Randy Brooks,Kirk Baltz,Edward Bunker,Quentin Tarantino,Rich Turner,David Steen,Tony Cosmo,Stevo Polyi,Michael Sottile,Robert Ruth,Lawrence Bender,Linda Kaye",Quentin Tarantino,"Quentin Tarantino,Roger Avary"
93,"Aleksey Kravchenko,Olga Mironova,Liubomiras Laucevicius,Vladas Bagdonas,Jüri Lumiste,Viktors Lorencs,Kazimir Rabetsky,Evgeniy Tilicheev,G. Velts,V. Vasilyev,Aleksandr Berda,Vasiliy Domrachyov,Nina Evdokimova,Igor Gnevashev,Adolf Hitler,Valery Kravchenko,Evgeniy Kryzhanovskiy,N. Lisichenok",Elem Klimov,"Ales Adamovich,Elem Klimov"
94,"Mads Mikkelsen,Thomas Bo Larsen,Annika Wedderkopp,Lasse Fogelstrøm,Susse Wold,Anne Louise Hassing,Lars Ranthe,Alexandra Rapaport,Sebastian Bull,Steen Ordell Guldbrand Jensen,Daniel Engstrup,Troels Thorsen,Søren Rønholt,Hana Shuan,Jytte Kvinesdal,Josefine Gråbøl,Bjarne Henriksen,Nicolai Dahl Hamilton",Thomas Vinterberg,"Thomas Vinterberg,Tobias Lindholm"
95,"Orson Welles,Joseph Cotten,Dorothy Comingore,Agnes Moorehead,Ruth Warrick,Ray Collins,Erskine Sanford,Everett Sloane,William Alland,Paul Stewart,George Coulouris,Fortunio Bonanova,Gus Schilling,Philip Van Zandt,Georgia Backus,Harry Shannon,Sonny Bupp,Buddy Swan",Orson Welles,"Herman J. Mankiewicz,Orson Welles,John Houseman"
96,"Peter Lorre,Ellen Widmann,Inge Landgut,Otto Wernicke,Theodor Loos,Gustaf Gründgens,Friedrich Gnaß,Fritz Odemar,Paul Kemp,Theo Lingen,Rudolf Blümner,Georg John,Franz Stein,Ernst Stahl-Nachbaur,Gerhard Bienert,Karl Platen,Rosa Valetti,Hertha von Walther",Fritz Lang,"Thea von Harbou,Fritz Lang,Egon Jacobsohn"
97,"Peter O'Toole,Alec Guinness,Anthony Quinn,Jack Hawkins,Omar Sharif,José Ferrer,Anthony Quayle,Claude Rains,Arthur Kennedy,Donald Wolfit,I.S. Johar,Gamil Ratib,Michel Ray,John Dimech,Zia Mohyeddin,Howard Marion-Crawford,Jack Gwillim,Hugh Miller",David Lean,"Robert Bolt,Michael Wilson"
98,"Cary Grant,Eva Marie Saint,James Mason,Jessie Royce Landis,Leo G. Carroll,Josephine Hutchinson,Philip Ober,Martin Landau,Adam Williams,Edward Platt,Robert Ellenstein,Les Tremayne,Philip Coolidge,Patrick McVey,Edward Binns,Ken Lynch,Stanley Adams,John Alban",Alfred Hitchcock,Ernest Lehman
99,"James Stewart,Kim Novak,Barbara Bel Geddes,Tom Helmore,Henry Jones,Raymond Bailey,Ellen Corby,Konstantin Shayne,Lee Patrick,David Ahdar,Isabel Analla,Jack Ano,Margaret Bacon,John Benson,Danny Borzage,Margaret Brayton,Paul Bryar,Boyd Cabeen",Alfred Hitchcock,"Alec Coppel,Samuel A. Taylor,Pierre Boileau"
100,"Takashi Shimura,Nobuo Kaneko,Shin'ichi Himori,Haruo Tanaka,Minoru Chiaki,Miki Odagiri,Bokuzen Hidari,Minosuke Yamada,Kamatari Fujiwara,Makoto Kobori,Nobuo Nakamura,Atsushi Watanabe,Isao Kimura,Masao Shimizu,Yûnosuke Itô,Kumeko Urabe,Eiko Miyoshi,Noriko Honma",Akira Kurosawa,"Akira Kurosawa,Shinobu Hashimoto,Hideo Oguni"
101,"Audrey Tautou,Mathieu Kassovitz,Rufus,Lorella Cravotta,Serge Merlin,Jamel Debbouze,Clotilde Mollet,Claire Maurier,Isabelle Nanty,Dominique Pinon,Artus de Penguern,Yolande Moreau,Urbain Cancelier,Maurice Bénichou,Michel Robin,Andrée Damant,Claude Perron,Armelle",Jean-Pierre Jeunet,"Guillaume Laurant,Jean-Pierre Jeunet"
102,"Jack Lemmon,Shirley MacLaine,Fred MacMurray,Ray Walston,Jack Kruschen,David Lewis,Hope Holiday,Joan Shawlee,Naomi Stevens,Johnny Seven,Joyce Jameson,Willard Waterman,David White,Edie Adams,Dorothy Abbott,Bill Baldwin,Paul Bradley,Benny Burt",Billy Wilder,"Billy Wilder,I.A.L. Diamond"
103,"Malcolm McDowell,Patrick Magee,Michael Bates,Warren Clarke,John Clive,Adrienne Corri,Carl Duering,Paul Farrell,Clive Francis,Michael Gover,Miriam Karlin,James Marcus,Aubrey Morris,Godfrey Quigley,Sheila Raynor,Madge Ryan,John Savident,Anthony Sharp",Stanley Kubrick,"Stanley Kubrick,Anthony Burgess"
104,"Fred MacMurray,Barbara Stanwyck,Edward G. Robinson,Byron Barr,Porter Hall,Jean Heather,Tom Powers,Richard Gaines,Fortunio Bonanova,John Philliber,Lev Abramov,James Adamson,John Berry,Raymond Chandler,Edmund Cobb,Kernan Cripps,Betty Farrington,Bess Flowers",Billy Wilder,"Billy Wilder,Raymond Chandler,James M. Cain"
105,"Matthew Modine,R. Lee Ermey,Vincent D'Onofrio,Adam Baldwin,Dorian Harewood,Kevyn Major Howard,Arliss Howard,Ed O'Ross,John Terry,Kieron Jecchinis,Kirk Taylor,Tim Colceri,Jon Stafford,Bruce Boa,Ian Tyler,Sal Lopez,Gary Landon Mills,Papillon Soo",Stanley Kubrick,"Stanley Kubrick,Michael Herr,Gustav Hasford"
106,"Tom Cruise,Jennifer Connelly,Miles Teller,Val Kilmer,Bashir Salahuddin,Jon Hamm,Charles Parnell,Monica Barbaro,Lewis Pullman,Jay Ellis,Danny Ramirez,Glen Powell,Jack Schumacher,Manny Jacinto,Kara Wang,Greg Tarzan Davis,Jake Picking,Raymond Lee",Joseph Kosinski,"Jim Cash,Jack Epps Jr.,Peter Craig"
107,"Al Pacino,Michelle Pfeiffer,Steven Bauer,Mary Elizabeth Mastrantonio,Robert Loggia,Miriam Colon,F. Murray Abraham,Paul Shenar,Harris Yulin,Ángel Salazar,Arnaldo Santana,Pepe Serna,Michael P. Moran,Al Israel,Dennis Holahan,Mark Margolis,Michael Alldredge,Ted Beniades",Brian De Palma,"Oliver Stone,Howard Hawks,Ben Hecht"
108,"Lin-Manuel Miranda,Phillipa Soo,Leslie Odom Jr.,Renée Elise Goldsberry,Daveed Diggs,Jonathan Groff,Chris Jackson,Jasmine Cephas Jones,Okieriete Onaodowan,Anthony Ramos,Carleigh Bettiol,Ariana DeBose,Hope Easterbrook,Sydney James Harcourt,Sasha Hutchings,Thayne Jasperson,Elizabeth Judd,Jon Rua",Thomas Kail,"Lin-Manuel Miranda,Ron Chernow"
109,"Lubna Azabal,Mélissa Désormeaux-Poulin,Maxim Gaudette,Mustafa Kamel,Hussein Sami,Rémy Girard,Dominique Briand,Frédéric Paquet,Hamed Najem,Ahmad Massad,Bader Alami,Majida Hussein,Asriah Nijres,John Dunn-Hill,Nadia Essadiqi,Chaouki Charbel,Axel Garbi,Amine Benzenine",Denis Villeneuve,"Denis Villeneuve,Wajdi Mouawad,Valérie Beaugrand-Champagne"
110,"Gregory Peck,John Megna,Frank Overton,Rosemary Murphy,Ruth White,Brock Peters,Estelle Evans,Paul Fix,Collin Wilcox Paxton,James Anderson,Alice Ghostley,Robert Duvall,William Windom,Crahan Denton,Richard Hale,Mary Badham,Phillip Alford,R.L. Armstrong",Robert Mulligan,"Harper Lee,Horton Foote"
111,"Al Pacino,Robert De Niro,Val Kilmer,Jon Voight,Tom Sizemore,Diane Venora,Amy Brenneman,Ashley Judd,Mykelti Williamson,Wes Studi,Ted Levine,Dennis Haysbert,William Fichtner,Natalie Portman,Tom Noonan,Kevin Gage,Hank Azaria,Susan Traylor",Michael Mann,Michael Mann
112,"Paul Newman,Robert Redford,Robert Shaw,Charles Durning,Ray Walston,Eileen Brennan,Harold Gould,John Heffernan,Dana Elcar,Jack Kehoe,Dimitra Arliss,Robert Earl Jones,James Sloyan,Charles Dierkop,Lee Paul,Sally Kirkland,Avon Long,Arch Johnson",George Roy Hill,David S. Ward
113,"Edward Asner,Jordan Nagai,John Ratzenberger,Christopher Plummer,Bob Peterson,Delroy Lindo,Jerome Ranft,David Kaye,Elie Docter,Jeremy Leary,Mickie McGowan,Danny Mann,Donald Fullilove,Jess Harnell,Josh Cooley,Pete Docter,Mark Andrews,Bob Bergen","Pete Docter,Bob Peterson(co-director)","Pete Docter,Bob Peterson,Tom McCarthy"
114,"Payman Maadi,Leila Hatami,Sareh Bayat,Shahab Hosseini,Sarina Farhadi,Merila Zare'i,Ali-Asghar Shahbazi,Babak Karimi,Kimia Hosseini,Shirin Yazdanbakhsh,Sohibanoo Zolqadr,Mohammadhasan Asghari,Shirin Azimiyannezhad,Hamid Dadju,Mohammad Ebrahimian,Samad Farhang,Ali Fattahi,Nafise Ghodrati",Asghar Farhadi,Asghar Farhadi
115,"Brigitte Helm,Alfred Abel,Gustav Fröhlich,Rudolf Klein-Rogge,Fritz Rasp,Theodor Loos,Erwin Biswanger,Heinrich George,Fritz Alberti,Grete Berger,Olly Boeheim,Max Dietze,Ellen Frey,Beatrice Garga,Heinrich Gotho,Dolly Grey,Anny Hintze,Gottfried Huppertz",Fritz Lang,"Thea von Harbou,Fritz Lang"
116,"Robert De Niro,Jodie Foster,Cybill Shepherd,Albert Brooks,Diahnne Abbott,Frank Adu,Victor Argo,Gino Ardito,Garth Avery,Peter Boyle,Harry Cohn,Copper Cunningham,Brenda Dickson,Harry Fischler,Nat Grant,Leonard Harris,Richard Higgs,Beau Kayser",Martin Scorsese,Paul Schrader
117,"Kevin Spacey,Russell Crowe,Guy Pearce,Kim Basinger,James Cromwell,Danny DeVito,David Strathairn,Ron Rifkin,Matt McCoy,Paul Guilfoyle,Paolo Seganti,Elisabeth Granli,Sandra Taylor,Steve Rankin,Graham Beckel,Allan Graf,Precious Chong,Symba",Curtis Hanson,"James Ellroy,Brian Helgeland,Curtis Hanson"
118,"Bruce Willis,Alan Rickman,Bonnie Bedelia,Reginald VelJohnson,Paul Gleason,De'voreaux White,William Atherton,Hart Bochner,James Shigeta,Alexander Godunov,Bruno Doyon,Andreas Wisniewski,Clarence Gilyard Jr.,Joseph Plewa,Lorenzo Caccialanza,Gérard Bonn,Dennis Hayden,Al Leong",John McTiernan,"Roderick Thorp,Jeb Stuart,Steven E. de Souza"
119,"Jason Statham,Brad Pitt,Stephen Graham,Vinnie Jones,Ade,William Beck,Andy Beckwith,Ewen Bremner,Jason Buckham,Mickey Cantwell,Nicola Collins,Teena Collins,Charles Cork,James Cunningham,Sorcha Cusack,Mickey Dee,Benicio Del Toro,Sam Douglas",Guy Ritchie,Guy Ritchie
120,"Harrison Ford,Sean Connery,Alison Doody,Denholm Elliott,John Rhys-Davies,Julian Glover,River Phoenix,Michael Byrne,Kevork Malikyan,Robert Eddison,Richard Young,Alexei Sayle,Alex Hyde-White,Paul Maxwell,Isla Blair,Vernon Dobtcheff,J.J. Hardy,Bradley Gregg",Steven Spielberg,"Jeffrey Boam,George Lucas,Menno Meyjes"
121,"Lamberto Maggiorani,Enzo Staiola,Lianella Carell,Elena Altieri,Gino Saltamerenda,Giulio Chiari,Vittorio Antonucci,Michele Sakara,Fausto Guerzoni,Emma Druetti,Carlo Jachino,Giulio Battiferri,Ida Bracci Dorati,Nando Bruno,Eolo Capritti,Memmo Carotenuto,Giovanni Corporale,Veriano Ginesi",Vittorio De Sica,"Cesare Zavattini,Luigi Bartolini,Oreste Biancoli"
122,"Darsheel Safary,Aamir Khan,Tisca Chopra,Vipin Sharma,Sachet Engineer,Tanay Chheda,Lalitha Lajmi,Girija Oak,Ravi Khanvilkar,Pratima Kulkarni,Meghna Malik,Sonali Sachdev,Sanjay Dadhich,Rajgopal Iyer,Bugs Bhargava Krishna,Shankar Sachdev,M.K. Raina,Gurkirtan","Aamir Khan,Amole Gupte(uncredited)",Amole Gupte
123,"Dean-Charles Chapman,George MacKay,Daniel Mays,Colin Firth,Pip Carter,Andy Apollo,Paul Tinto,Josef Davies,Billy Postlethwaite,Gabriel Akuwudike,Andrew Scott,Spike Leighton,Robert Maaser,Gerran Howell,Adam Hugill,Mark Strong,Richard McCabe,Benjamin Adams",Sam Mendes,"Sam Mendes,Krysty Wilson-Cairns"
124,"Bruno Ganz,Alexandra Maria Lara,Ulrich Matthes,Juliane Köhler,Corinna Harfouch,Heino Ferch,Christian Berkel,Matthias Habich,Thomas Kretschmann,Michael Mendl,André Hennicke,Ulrich Noethen,Birgit Minichmayr,Rolf Kanies,Justus von Dohnányi,Dieter Mann,Christian Redl,Götz Otto",Oliver Hirschbiegel,"Bernd Eichinger,Joachim Fest,Traudl Junge"
125,"Aamir Khan,Sakshi Tanwar,Fatima Sana Shaikh,Sanya Malhotra,Aparshakti Khurana,Zaira Wasim,Suhani Bhatnagar,Ritvik Sahore,Girish Kulkarni,Ravi Aneja,Anurag Arora,Mahesh Balraj,Vivan Bhatena,Anmol Charan,Karamveer Choudhary,Ishika Gagneja,Badrul Islam,Jagbir",Nitesh Tiwari,"Piyush Gupta,Shreyas Jain,Nikhil Mehrotra"
126,"Clint Eastwood,Lee Van Cleef,Gian Maria Volontè,Mara Krupp,Luigi Pistilli,Klaus Kinski,Luis Rodríguez,Benito Stefanelli,Panos Papadopulos,Aldo Sambrell,Roberto Camardiel,Joseph Egger,Tomás Blanco,Lorenzo Robledo,Dante Maggio,Sergio Mendizábal,Diana Rabito,Giovanni Tarallo",Sergio Leone,"Sergio Leone,Fulvio Morsella,Luciano Vincenzoni"
127,"Christian Bale,Michael Caine,Ken Watanabe,Liam Neeson,Katie Holmes,Gary Oldman,Cillian Murphy,Tom Wilkinson,Rutger Hauer,Mark Boone Junior,Linus Roache,Morgan Freeman,Larry Holden,Gerard Murphy,Colin McFarlane,Sara Stewart,Gus Lewis,Richard Brake",Christopher Nolan,"Bob Kane,David S. Goyer,Christopher Nolan"
128,"Charles Chaplin,Edna Purviance,Jackie Coogan,Carl Miller,Albert Austin,Beulah Bains,Nellie Bly Baker,Henry Bergman,Edward Biby,B.F. Blinn,Kitty Bradbury,Frank Campeau,Bliss Chevalier,Frances Cochran,Elsie Codd,Jack Coogan Sr.,Estelle Cook,Lillian Crane",Charles Chaplin,Charles Chaplin
129,"Marilyn Monroe,Tony Curtis,Jack Lemmon,George Raft,Pat O'Brien,Joe E. Brown,Nehemiah Persoff,Joan Shawlee,Billy Gray,George E. Stone,Dave Barry,Mike Mazurki,Harry Wilson,Beverly Wills,Barbara Drew,Edward G. Robinson Jr.,Sam Bagley,Brandon Beach",Billy Wilder,"Billy Wilder,I.A.L. Diamond,Robert Thoeren"
130,"Anthony Hopkins,Olivia Colman,Mark Gatiss,Olivia Williams,Imogen Poots,Rufus Sewell,Ayesha Dharker,Roman Zeller,Adnan Kundi,Brian Rodger,Evie Wray",Florian Zeller,"Christopher Hampton,Florian Zeller"
131,"Bette Davis,Anne Baxter,George Sanders,Celeste Holm,Gary Merrill,Hugh Marlowe,Gregory Ratoff,Barbara Bates,Marilyn Monroe,Thelma Ritter,Walter Hampden,Randy Stuart,Craig Hill,Leland Harris,Barbara White,Eddie Fisher,William Pullen,Claude Stroud",Joseph L. Mankiewicz,"Joseph L. Mankiewicz,Mary Orr"
132,"Leonardo DiCaprio,Jonah Hill,Margot Robbie,Matthew McConaughey,Kyle Chandler,Rob Reiner,Jon Bernthal,Jon Favreau,Jean Dujardin,Joanna Lumley,Cristin Milioti,Christine Ebersole,Shea Whigham,Katarina Cas,P.J. Byrne,Kenneth Choi,Brian Sacca,Henry Zebrowski",Martin Scorsese,"Terence Winter,Jordan Belfort"
133,"Viggo Mortensen,Mahershala Ali,Linda Cardellini,Sebastian Maniscalco,Dimiter D. Marinov,Mike Hatton,P.J. Byrne,Joe Cortese,Maggie Nixon,Von Lewis,Jon Sortland,Don Stark,Anthony Mangano,Paul Sloan,Quinn Duffy,Seth Hurwitz,Hudson Galloway,Gavin Lyle Foley",Peter Farrelly,"Nick Vallelonga,Brian Hayes Currie,Peter Farrelly"
134,"Spencer Tracy,Burt Lancaster,Richard Widmark,Marlene Dietrich,Maximilian Schell,Judy Garland,Montgomery Clift,William Shatner,Werner Klemperer,Kenneth MacKenna,Torben Meyer,Joseph Bernard,Alan Baxter,Edward Binns,Virginia Christine,Otto Waldis,Karl Swenson,Martin Brandt",Stanley Kramer,"Abby Mann,Montgomery Clift"
135,"Robert De Niro,Sharon Stone,Joe Pesci,James Woods,Don Rickles,Alan King,Kevin Pollak,L.Q. Jones,Dick Smothers,Frank Vincent,John Bloom,Pasquale Cajano,Melissa Prophet,Bill Allison,Vinny Vella,Philip Suriano,Erika von Tagen,Frankie Avalon",Martin Scorsese,"Nicholas Pileggi,Martin Scorsese"
136,"Tatsuya Nakadai,Akira Terao,Jinpachi Nezu,Daisuke Ryû,Mieko Harada,Yoshiko Miyazaki,Hisashi Igawa,Pîtâ,Masayuki Yui,Kazuo Katô,Norio Matsui,Toshiya Ito,Kenji Kodama,Takashi Watanabe,Mansai Nomura,Takeshi Katô,Jun Tazaki,Hitoshi Ueki",Akira Kurosawa,"Akira Kurosawa,Hideo Oguni,Masato Ide"
137,"Ivana Baquero,Ariadna Gil,Sergi López,Maribel Verdú,Doug Jones,Álex Angulo,Manolo Solo,César Vea,Roger Casamajor,Ivan Massagué,Gonzalo Uriarte,Eusebio Lázaro,Francisco Vidal,Juanjo Cucalón,Lina Mira,Mario Zorrilla,Sebastián Haro,Mila Espiga",Guillermo del Toro,Guillermo del Toro
138,"Jim Carrey,Ed Harris,Laura Linney,Noah Emmerich,Natascha McElhone,Holland Taylor,Brian Delate,Blair Slater,Peter Krause,Heidi Schanz,Ron Taylor,Don Taylor,Ted Raymond,Judy Clayton,Fritz Dominique,Angel Schmiedt,Nastassja Schmiedt,Muriel Moore",Peter Weir,Andrew Niccol
139,"Daniel Day-Lewis,Paul Dano,Ciarán Hinds,Martin Stringer,Matthew Braden Stringer,Jacob Stringer,Joseph Mussey,Barry Del Sherman,Harrison Taylor,Stockton Taylor,Paul F. Tompkins,Dillon Freasier,Kevin Breznahan,Jim Meskimen,Erica Sullivan,Randall Carver,Coco Leigh,Sydney McCallister",Paul Thomas Anderson,"Paul Thomas Anderson,Upton Sinclair"
140,"Clint Eastwood,Gene Hackman,Morgan Freeman,Richard Harris,Jaimz Woolvett,Saul Rubinek,Frances Fisher,Anna Thomson,David Mucci,Rob Campbell,Anthony James,Tara Frederick,Beverley Elliott,Liisa Repo-Martell,Josie Smith,Shane Meier,Aline Levasseur,Cherrilene Cardinal",Clint Eastwood,David Webb Peoples
141,"Bruce Willis,Haley Joel Osment,Toni Collette,Olivia Williams,Trevor Morgan,Donnie Wahlberg,Peter Anthony Tambakis,Jeffrey Zubernis,Bruce Norris,Glenn Fitzgerald,Greg Wood,Mischa Barton,Angelica Page,Lisa Summerour,Firdous Bamji,Samia Shoaib,Hayden Saunier,Janis Dardaris",M. Night Shyamalan,M. Night Shyamalan
142,"Leonardo DiCaprio,Emily Mortimer,Mark Ruffalo,Ben Kingsley,Max von Sydow,Michelle Williams,Patricia Clarkson,Jackie Earle Haley,Ted Levine,John Carroll Lynch,Elias Koteas,Robin Bartlett,Christopher Denham,Nellie Sciutto,Joseph Sikora,Curtiss Cook,Raymond Anthony Thomas,Joseph McKenna",Martin Scorsese,"Laeta Kalogridis,Dennis Lehane"
143,"Russell Crowe,Ed Harris,Jennifer Connelly,Christopher Plummer,Paul Bettany,Adam Goldberg,Josh Lucas,Anthony Rapp,Jason Gray-Stanford,Judd Hirsch,Austin Pendleton,Vivien Cardone,Jillie Simon,Victor Steinbach,Tanya Clarke,Thomas F. Walsh,Jesse Doran,Kent Cassella",Ron Howard,"Akiva Goldsman,Sylvia Nasar"
144,"Sam Neill,Laura Dern,Jeff Goldblum,Richard Attenborough,Bob Peck,Martin Ferrero,BD Wong,Joseph Mazzello,Ariana Richards,Samuel L. Jackson,Wayne Knight,Gerald R. Molen,Miguel Sandoval,Cameron Thor,Christopher John Fields,Whit Hertford,Dean Cundey,Jophery C. Brown",Steven Spielberg,"Michael Crichton,David Koepp"
145,"Toshirô Mifune,Eijirô Tôno,Tatsuya Nakadai,Yôko Tsukasa,Isuzu Yamada,Daisuke Katô,Seizaburô Kawazu,Takashi Shimura,Hiroshi Tachikawa,Yôsuke Natsuki,Kamatari Fujiwara,Ikio Sawamura,Atsushi Watanabe,Susumu Fujita,Kyû Sazanka,Kô Nishimura,Takeshi Katô,Ichirô Nakatani",Akira Kurosawa,"Akira Kurosawa,Ryûzô Kikushima"
146,"Humphrey Bogart,Walter Huston,Tim Holt,Bruce Bennett,Barton MacLane,Alfonso Bedoya,Arturo Soto Rangel,Manuel Dondé,José Torvay,Margarito Luna,Robert Blake,Guillermo Calles,Roberto Cañedo,Spencer Chan,Jacqueline Dalya,Ralph Dunn,Ernesto Escoto,Pat Flaherty",John Huston,"John Huston,B. Traven"
147,"Graham Chapman,John Cleese,Eric Idle,Terry Gilliam,Terry Jones,Michael Palin,Connie Booth,Carol Cleveland,Neil Innes,Bee Duffell,John Young,Rita Davies,Avril Stewart,Sally Kinghorn,Mark Zycon,Elspeth Cameron,Mitsuko Forstater,Sandy Johnson","Terry Gilliam,Terry Jones","Graham Chapman,John Cleese,Eric Idle"
148,"Steve McQueen,James Garner,Richard Attenborough,Charles Bronson,James Donald,Donald Pleasence,James Coburn,Hannes Messemer,David McCallum,Gordon Jackson,John Leyton,Angus Lennie,Nigel Stock,Robert Graf,Jud Taylor,Hans Reiser,Harry Riebauer,William Russell",John Sturges,"Paul Brickhill,James Clavell,W.R. Burnett"
149,"Tommy Lee Jones,Javier Bardem,Josh Brolin,Woody Harrelson,Kelly Macdonald,Garret Dillahunt,Tess Harper,Barry Corbin,Stephen Root,Rodger Boyce,Beth Grant,Ana Reeder,Kit Gwin,Zach Hopkins,Chip Love,Eduardo Antonio Garcia,Gene Jones,Myk Watford","Ethan Coen,Joel Coen","Joel Coen,Ethan Coen,Cormac McCarthy"
150,"Tom Holland,Zendaya,Benedict Cumberbatch,Jacob Batalon,Jon Favreau,Jamie Foxx,Willem Dafoe,Alfred Molina,Benedict Wong,Tony Revolori,Marisa Tomei,Andrew Garfield,Tobey Maguire,Angourie Rice,Arian Moayed,Paula Newsome,Hannibal Buress,Martin Starr",Jon Watts,"Chris McKenna,Erik Sommers,Stan Lee"
151,"Uma Thurman,David Carradine,Daryl Hannah,Michael Madsen,Lucy Liu,Vivica A. Fox,Julie Dreyfus,Chiaki Kuriyama,Shin'ichi Chiba,Chia-Hui Liu,Michael Parks,Michael Bowen,Jun Kunimura,Kenji Ôba,Yuki Kazamatsuri,James Parks,Sakichi Sato,Jonathan Loughran",Quentin Tarantino,"Quentin Tarantino,Uma Thurman"
152,"Toshirô Mifune,Machiko Kyô,Masayuki Mori,Takashi Shimura,Minoru Chiaki,Kichijirô Ueda,Noriko Honma,Daisuke Katô",Akira Kurosawa,"Ryûnosuke Akutagawa,Akira Kurosawa,Shinobu Hashimoto"
153,"Kurt Russell,Wilford Brimley,Keith David,Richard Masur,T.K. Carter,David Clennon,Richard Dysart,Charles Hallahan,Peter Maloney,Donald Moffat,Joel Polis,Thomas G. Waites,Norbert Weisser,Larry Franco,Nate Irwin,William Zeman,Adrienne Barbeau,John Carpenter",John Carpenter,"Bill Lancaster,John W. Campbell Jr."
154,"Albert Brooks,Ellen DeGeneres,Alexander Gould,Willem Dafoe,Brad Garrett,Allison Janney,Austin Pendleton,Stephen Root,Vicki Lewis,Joe Ranft,Geoffrey Rush,Andrew Stanton,Elizabeth Perkins,Nicholas Bird,Bob Peterson,Barry Humphries,Eric Bana,Bruce Spence","Andrew Stanton,Lee Unkrich(co-director)","Andrew Stanton,Bob Peterson,David Reynolds"
155,"Anthony Hopkins,John Hurt,Anne Bancroft,John Gielgud,Wendy Hiller,Freddie Jones,Michael Elphick,Hannah Gordon,Helen Ryan,John Standing,Dexter Fletcher,Lesley Dunlop,Phoebe Nicholls,Pat Gorman,Claire Davenport,Orla Pederson,Patsy Smart,Frederick Treves",David Lynch,"Christopher De Vore,Eric Bergren,David Lynch"
156,"Jack Nicholson,Faye Dunaway,John Huston,Perry Lopez,John Hillerman,Darrell Zwerling,Diane Ladd,Roy Jenson,Roman Polanski,Richard Bakalyan,Joe Mantell,Bruce Glover,Nandu Hinds,James O'Rear,James Hong,Beulah Quo,Jerry Fujikawa,Belinda Palmer",Roman Polanski,"Robert Towne,Roman Polanski"
157,"Robert De Niro,Cathy Moriarty,Joe Pesci,Frank Vincent,Nicholas Colasanto,Theresa Saldana,Mario Gallo,Frank Adonis,Joseph Bono,Frank Topham,Lori Anne Flax,Charles Scorsese,Don Dunphy,Bill Hanrahan,Rita Bennett,James V. Christy,Bernie Allen,Floyd Anderson",Martin Scorsese,"Jake LaMotta,Joseph Carter,Peter Savage"
158,"Hugo Weaving,Natalie Portman,Rupert Graves,Stephen Rea,Stephen Fry,John Hurt,Tim Pigott-Smith,Roger Allam,Ben Miles,Sinéad Cusack,Natasha Wightman,John Standing,Eddie Marsan,Clive Ashborn,Emma Field-Rayner,Ian Burfield,Mark Phoenix,Alister Mazzotti",James McTeigue,"Lilly Wachowski,Lana Wachowski,David Lloyd"
159,"Clark Gable,Vivien Leigh,Thomas Mitchell,Barbara O'Neil,Evelyn Keyes,Ann Rutherford,George Reeves,Fred Crane,Hattie McDaniel,Oscar Polk,Butterfly McQueen,Victor Jory,Everett Brown,Howard Hickman,Alicia Rhett,Leslie Howard,Olivia de Havilland,Rand Brooks","Victor Fleming,George Cukor(uncredited),Sam Wood(uncredited)","Margaret Mitchell,Sidney Howard,Oliver H.P. Garrett"
160,"Jason Flemyng,Dexter Fletcher,Nick Moran,Jason Statham,Steven Mackintosh,Nicholas Rowe,Nick Marcq,Charles Forbes,Vinnie Jones,Lenny McLean,Peter McNicholl,P.H. Moriarty,Frank Harper,Steve Sweeney,Huggy Leaver,Ronnie Fox,Tony McMahon,Stephen Marcus",Guy Ritchie,Guy Ritchie
161,"Amy Poehler,Bill Hader,Lewis Black,Mindy Kaling,Phyllis Smith,Richard Kind,Kaitlyn Dias,Diane Lane,Kyle MacLachlan,Paula Poundstone,Bobby Moynihan,Paula Pell,Dave Goelz,Frank Oz,Josh Cooley,Flea,John Ratzenberger,Carlos Alazraqui","Pete Docter,Ronnie Del Carmen(co-director)","Pete Docter,Ronnie Del Carmen,Meg LeFauve"
162,"Ray Milland,Grace Kelly,Robert Cummings,John Williams,Anthony Dawson,Leo Britt,Patrick Allen,George Leigh,George Alderson,Robin Hughes,Richard Bender,Robin Sanders Clark,Jack Cunningham,Robert Dobson,Guy Doleman,Bess Flowers,Robert Garvin,Herschel Graham",Alfred Hitchcock,Frederick Knott
163,"Ricardo Darín,Soledad Villamil,Pablo Rago,Carla Quevedo,Javier Godino,Bárbara Palladino,Rudy Romano,Alejandro Abelenda,Mario Alarcón,Guillermo Francella,Sebastián Blanco,Mariano Argento,José Luis Gioia,Juan José Ortíz,Kiko Cerone,Fernando Pardo,Maximiliano Trento,Sergio Santana",Juan José Campanella,"Eduardo Sacheri,Juan José Campanella"
164,"Chieko Baisho,Takuya Kimura,Tatsuya Gashûin,Akihiro Miwa,Ryûnosuke Kamiki,Mitsunori Isaki,Yô Ôizumi,Akio Ôtsuka,Daijirô Harada,Haruko Katô,Jean Simmons,Christian Bale,Lauren Bacall,Blythe Danner,Emily Mortimer,Josh Hutcherson,Billy Crystal,Jena Malone",Hayao Miyazaki,"Hayao Miyazaki,Diana Wynne Jones"
165,"Frances McDormand,Woody Harrelson,Sam Rockwell,Caleb Landry Jones,Kerry Condon,Alejandro Barrios,Clarke Peters,Darrell Britt-Gibson,Abbie Cornish,Riya May Atwood,Selah Atwood,Lucas Hedges,Zeljko Ivanek,Amanda Warren,Malaya Rivera Drew,Sandy Martin,Peter Dinklage,Christopher Berry",Martin McDonagh,Martin McDonagh
166,"William Holden,Alec Guinness,Jack Hawkins,Sessue Hayakawa,James Donald,Geoffrey Horne,André Morell,Peter Williams,John Boxer,Percy Herbert,Harold Goodwin,Ann Sears,Heihachirô Ôkawa,Keiichirô Katsumoto,M.R.B. Chakrabandhu,Vilaiwan Seeboonreaung,Ngamta Suphaphongs,Javanart Punynchoti",David Lean,"Pierre Boulle,Carl Foreman,Michael Wilson"
167,"Ewan McGregor,Ewen Bremner,Jonny Lee Miller,Kevin McKidd,Robert Carlyle,Kelly Macdonald,Peter Mullan,James Cosmo,Eileen Nicholas,Susan Vidler,Pauline Lynch,Shirley Henderson,Stuart McQuarrie,Irvine Welsh,Dale Winton,Keith Allen,Kevin Allen,Annie Louise Ross",Danny Boyle,"Irvine Welsh,John Hodge"
168,"Hugh Jackman,Jake Gyllenhaal,Viola Davis,Melissa Leo,Maria Bello,Terrence Howard,Paul Dano,Dylan Minnette,Zoë Soul,Erin Gerasimovich,Kyla-Drew,Wayne Duvall,Len Cariou,David Dastmalchian,Brad James,Anthony Reynolds,Robert C. Treveiler,Sandra Ellis Lafferty",Denis Villeneuve,Aaron Guzikowski
169,"Tom Hardy,Nick Nolte,Joel Edgerton,Jennifer Morrison,Frank Grillo,Kevin Dunn,Maximiliano Hernández,Bryan Callen,Sam Sheridan,Fernando Chien,Jake McLaughlin,Vanessa Martinez,Denzel Whitaker,Carlos Miranda,Nick Lehane,Laura Chinn,Capri Thomas,Lexi Cowan",Gavin O'Connor,"Gavin O'Connor,Anthony Tambakis,Cliff Dorfman"
170,"William H. Macy,Frances McDormand,Steve Buscemi,Peter Stormare,Kristin Rudrüd,Harve Presnell,Tony Denman,Gary Houston,Sally Wingert,Kurt Schweickhardt,Larissa Kokernot,Melissa Peterman,Steve Reevis,Warren Keith,Steve Edelman,Sharon Anderson,Larry Brandenburg,James Gaulke","Joel Coen,Ethan Coen(uncredited)","Ethan Coen,Joel Coen"
171,"Clint Eastwood,Bee Vang,Christopher Carley,Ahney Her,Brian Haley,Geraldine Hughes,Dreama Walker,Brian Howe,John Carroll Lynch,William Hill,Brooke Chia Thao,Chee Thao,Choua Kue,Scott Eastwood,Xia Soua Chang,Sonny Vue,Doua Moua,Greg Trzaskoma",Clint Eastwood,"Nick Schenk,Dave Johannson"
172,"Hitoshi Takagi,Noriko Hidaka,Chika Sakamoto,Shigesato Itoi,Sumi Shimamoto,Tanie Kitabayashi,Hiroko Maruyama,Machiko Washio,Reiko Suzuki,Masashi Hirose,Toshiyuki Amagasa,Shigeru Chiba,Naoki Tatsuta,Tarako,Tomohiro Nishimura,Mitsuko Ishida,Chie Kôjiro,Daiki Nakamura",Hayao Miyazaki,Hayao Miyazaki
173,"Leonardo DiCaprio,Tom Hanks,Christopher Walken,Martin Sheen,Nathalie Baye,Amy Adams,James Brolin,Brian Howe,Frank John Hughes,Steve Eastin,Chris Ellis,John Finn,Jennifer Garner,Nancy Lenehan,Ellen Pompeo,Elizabeth Banks,Guy Thauvette,Candice Azzara",Steven Spielberg,"Jeff Nathanson,Frank Abagnale Jr.,Stan Redding"
174,"Hilary Swank,Clint Eastwood,Morgan Freeman,Jay Baruchel,Mike Colter,Lucia Rijker,Brían F. O'Byrne,Anthony Mackie,Margo Martindale,Riki Lindhome,Michael Peña,Benito Martinez,Bruce MacVittie,David Powledge,Joe D'Angerio,Marcus Chait,Tom McCleister,Erica Grant",Clint Eastwood,"Paul Haggis,F.X. Toole"
175,"Mohammad Amir Naji,Amir Farrokh Hashemian,Bahare Seddiqi,Nafise Jafar-Mohammadi,Fereshte Sarabandi,Kamal Mirkarimi,Behzad Rafi,Dariush Mokhtari,Mohammad-Hasan Hosseinian,Masume Dair,Kambiz Peykarnegar,Hasan Roohparvari,Abbas-Ali Roomandi,Jafar Seyfollahi,Qolamreza Maleki,Zahra Mirzai,Sara Zamani,Mohammad Haj-Hosseini",Majid Majidi,Majid Majidi
176,"Harrison Ford,Rutger Hauer,Sean Young,Edward James Olmos,M. Emmet Walsh,Daryl Hannah,William Sanderson,Brion James,Joe Turkel,Joanna Cassidy,James Hong,Morgan Paull,Kevin Thompson,John Edward Allen,Hy Pyke,Kimiko Hiroshige,Bob Okazaki,Carolyn DeMirjian",Ridley Scott,"Hampton Fancher,David Webb Peoples,Philip K. Dick"
177,"Charles Chaplin,Mack Swain,Tom Murray,Henry Bergman,Malcolm Waite,Georgia Hale,Jack Adams,Frank Aderias,Leona Aderias,Lillian Adrian,Sam Allen,Claude Anderson,Harry Arras,Albert Austin,Marta Belfort,William Bell,Francis Bernhardt,F.J. Beuaregard",Charles Chaplin,Charles Chaplin
178,"Ethan Hawke,Julie Delpy,Andrea Eckert,Hanno Pöschl,Karl Bruckschwaiger,Tex Rubinowitz,Erni Mangold,Dominik Castell,Haymon Maria Buttinger,Harald Waiglein,Bilge Jeschim,Kurti,Hans Weingartner,Liese Lyon,Peter Ily Huemer,Otto Reiter,Hubert Fabian Kulterer,Branko Andric",Richard Linklater,"Richard Linklater,Kim Krizan"
179,"Chiwetel Ejiofor,Michael Kenneth Williams,Michael Fassbender,Brad Pitt,Dwight Henry,Dickie Gravois,Bryan Batt,Ashley Dyke,Kelsey Scott,Quvenzhané Wallis,Cameron Zeigler,Tony Bentley,Scoot McNairy,Taran Killam,Christopher Berry,Bill Camp,Mister Mackey Jr.,Chris Chalk",Steve McQueen,"John Ridley,Solomon Northup"
180,"Jason Schwartzman,J.K. Simmons,Rashida Jones,Will Sasso,Neda Margrethe Labba,Sergio Pablos,Norm MacDonald,Joan Cusack,Evan Agos,Sky Alexis,Jaeden Bettencourt,Teddy Blum,Mila Brener,Sydney Brower,Finn Carr,Kendall Joy Hall,Hailey Hermida,Lexie Holland","Sergio Pablos,Carlos Martínez López(co-director)","Sergio Pablos,Jim Mahoney,Zach Lewis"
181,"Daniel Radcliffe,Emma Watson,Rupert Grint,Michael Gambon,Ralph Fiennes,Alan Rickman,Evanna Lynch,Domhnall Gleeson,Clémence Poésy,Warwick Davis,John Hurt,Helena Bonham Carter,Graham Duff,Anthony Allgood,Rusty Goffe,Jon Key,Kelly Macdonald,Jason Isaacs",David Yates,"Steve Kloves,J.K. Rowling"
182,"Marlon Brando,Karl Malden,Lee J. Cobb,Rod Steiger,Pat Henning,Leif Erickson,James Westerfield,Tony Galento,Tami Mauriello,John F. Hamilton,John Heldabrand,Rudy Bond,Don Blackman,Arthur Keegan,Abe Simon,Eva Marie Saint,Martin Balsam,Dan Bergin",Elia Kazan,"Budd Schulberg,Malcolm Johnson,Robert Siodmak"
183,"Charlton Heston,Jack Hawkins,Stephen Boyd,Haya Harareet,Hugh Griffith,Martha Scott,Cathy O'Donnell,Sam Jaffe,Finlay Currie,Frank Thring,Terence Longdon,George Relph,André Morell,Nello Appodia,Fortunato Arena,Bruno Ariè,Les Ballets Africains,Emma Baron",William Wyler,"Lew Wallace,Karl Tunberg,Gore Vidal"
184,"Ben Affleck,Rosamund Pike,Neil Patrick Harris,Tyler Perry,Carrie Coon,Kim Dickens,Patrick Fugit,David Clennon,Lisa Banes,Missi Pyle,Emily Ratajkowski,Casey Wilson,Lola Kirke,Boyd Holbrook,Sela Ward,Lee Norris,Jamie McShane,Leonard Kelly-Young",David Fincher,Gillian Flynn
185,"Ralph Fiennes,F. Murray Abraham,Mathieu Amalric,Adrien Brody,Willem Dafoe,Jeff Goldblum,Harvey Keitel,Jude Law,Bill Murray,Edward Norton,Saoirse Ronan,Jason Schwartzman,Léa Seydoux,Tilda Swinton,Tom Wilkinson,Owen Wilson,Tony Revolori,Larry Pine",Wes Anderson,"Stefan Zweig,Wes Anderson,Hugo Guinness"
186,"Victor Sjöström,Bibi Andersson,Ingrid Thulin,Gunnar Björnstrand,Jullan Kindahl,Folke Sundquist,Björn Bjelfvenstam,Naima Wifstrand,Gunnel Broström,Gertrud Fridh,Sif Ruud,Gunnar Sjöberg,Max von Sydow,Åke Fridell,Yngve Nordwall,Per Sjöstrand,Gio Petré,Gunnel Lindblom",Ingmar Bergman,Ingmar Bergman
187,"Buster Keaton,Marion Mack,Glen Cavender,Jim Farley,Frederick Vroom,Frank Barnes,Charles Henry Smith,Joe Keaton,Mike Donlin,Tom Nawn,Henry Baird,Joe Bricher,Jimmy Bryant,Sergeant Bukowski,C.C. Cruson,Jack Dempster,Keith Fennell,Budd Fine","Clyde Bruckman,Buster Keaton","Buster Keaton,Clyde Bruckman,Al Boasberg"
188,"Orson Welles,Joseph Cotten,Alida Valli,Trevor Howard,Paul Hörbiger,Ernst Deutsch,Erich Ponto,Siegfried Breuer,Hedwig Bleibtreu,Bernard Lee,Wilfrid Hyde-White,Nelly Arno,Jack Arrow,Harold Ayer,Harry Belcher,Leo Bieber,Paul Birch,Martin Boddey",Carol Reed,"Graham Greene,Orson Welles,Alexander Korda"
189,"Daniel Day-Lewis,Pete Postlethwaite,Alison Crosbie,Philip King,Emma Thompson,Nye Heron,Anthony Brophy,Frankie McCafferty,Paul Warriner,Julian Walsh,Stuart Wolfenden,Jo Connor,Karen Carlisle,Seamus Moran,Billy Byrne,Maureen McBride,Jane Nolan,Laurence Griffin",Jim Sheridan,"Gerry Conlon,Terry George,Jim Sheridan"
190,"Robert De Niro,Christopher Walken,John Cazale,John Savage,Meryl Streep,George Dzundza,Chuck Aspegren,Shirley Stoler,Rutanya Alda,Pierre Segui,Mady Kaplan,Amy Wright,Mary Ann Haenel,Richard Kuss,Joe Grifasi,Christopher Colombi Jr.,Victoria Karnafel,Jack Scardino",Michael Cimino,"Michael Cimino,Deric Washburn,Louis Garfinkle"
191,"Ryan O'Neal,Marisa Berenson,Patrick Magee,Hardy Krüger,Steven Berkoff,Gay Hamilton,Marie Kean,Diana Körner,Murray Melvin,Frank Middlemass,André Morell,Arthur O'Sullivan,Godfrey Quigley,Leonard Rossiter,Philip Stone,Leon Vitali,John Bindon,Roger Booth",Stanley Kubrick,"Stanley Kubrick,William Makepeace Thackeray"
192,"Andrew Garfield,Sam Worthington,Luke Bracey,Teresa Palmer,Richard Pyros,Jacob Warner,Milo Gibson,Darcy Bryce,Roman Guerriero,James Lugton,Kasia Stelmach,Hugo Weaving,Rachel Griffiths,Jarin Towney,Tim McGarry,Tyler Coppin,Richard Platt,Nathaniel Buzolic",Mel Gibson,"Robert Schenkkan,Andrew Knight"
193,"Yves Montand,Charles Vanel,Peter van Eyck,Folco Lulli,Véra Clouzot,William Tubbs,Darío Moreno,Jo Dest,Antonio Centa,Luis De Lima,Grégoire Gromoff,Josep Palau i Fabre,Faustini,Seguna,Darling Légitimus,René Baranger,Pat Hurst,Evelio Larenagas",Henri-Georges Clouzot,"Georges Arnaud,Henri-Georges Clouzot,Jérôme Géronimi"
194,"Song Kang-ho,Kim Sang-kyung,Roe-ha Kim,Jae-ho Song,Byun Hee-Bong,Seo-hie Ko,Tae-ho Ryu,No-shik Park,Park Hae-il,Mi-seon Jeon,Young-hwa Seo,Woo Go-na,Ok-joo Lee,Jong-ryol Choi,Seung-mok Yoo,Hun-Kyung Lee,Shin Hyun-jong,Jae-eung Lee",Bong Joon Ho,"Bong Joon Ho,Kwang-rim Kim,Sung-bo Shim"
195,"Buster Keaton,Kathryn McGuire,Joe Keaton,Erwin Connelly,Ward Crane,Jane Connelly,George Davis,Doris Deane,Christine Francis,Betsy Ann Hisle,Kewpie Morgan,Steve Murphy,John Patrick,Ford West",Buster Keaton,"Jean C. Havez,Joseph A. Mitchell,Clyde Bruckman"
196,"Darío Grandinetti,María Marull,Mónica Villa,Diego Starosta,Marcelo Frasca,Lucila Mangone,María Laura Caccamo,Carlos Alberto Vavassori,Pablo Machado,Horacio Vay,Javier Pedersoli,Héctor Drachtman,María Rosa López Ottonello,Rita Cortese,Julieta Zylberberg,César Bordón,Juan Santiago Linari,Leonardo Sbaraglia",Damián Szifron,"Germán Servidio,Damián Szifron"
197,"James Stewart,Jean Arthur,Claude Rains,Edward Arnold,Guy Kibbee,Thomas Mitchell,Eugene Pallette,Beulah Bondi,H.B. Warner,Harry Carey,Astrid Allwyn,Ruth Donnelly,Grant Mitchell,Porter Hall,H.V. Kaltenborn,Charles Lane,Pierre Watkin,Dick Elliott",Frank Capra,"Sidney Buchman,Lewis R. Foster,Myles Connolly"
198,"Tom Hardy,Charlize Theron,Nicholas Hoult,Zoë Kravitz,Hugh Keays-Byrne,Josh Helman,Nathan Jones,Rosie Huntington-Whiteley,Riley Keough,Abbey Lee,Courtney Eaton,John Howard,Richard Carter,Iota,Angus Sampson,Jennifer Hagan,Megan Gale,Melissa Jaffer",George Miller,"George Miller,Brendan McCarthy,Nick Lathouris"
199,"Max von Sydow,Gunnar Björnstrand,Bengt Ekerot,Nils Poppe,Bibi Andersson,Inga Gill,Maud Hansson,Inga Landgré,Gunnel Lindblom,Bertil Anderberg,Anders Ek,Åke Fridell,Gunnar Olsson,Erik Strandmark,Siv Aleros,Sten Ardenstam,Harry Asklund,Benkt-Åke Benktsson",Ingmar Bergman,Ingmar Bergman
200,"Toni Collette,Philip Seymour Hoffman,Eric Bana,Barry Humphries,Christopher Massey,Oliver Marks,Daisy Kocher,Daniel Marks,Hamish Hughes,Dan Doherty,Julie Forsyth,Mandy Mao,Patrick McCabe,Adam Elliot,Mr. Peck,Michael James Allen,Bill Murphy,Shaun Patten",Adam Elliot,Adam Elliot
201,"Jay Baruchel,Gerard Butler,Christopher Mintz-Plasse,Craig Ferguson,America Ferrera,Jonah Hill,T.J. Miller,Kristen Wiig,Robin Atkin Downes,Philip McGrade,Kieron Elliott,Ashley Jensen,David Tennant","Dean DeBlois,Chris Sanders","Will Davies,Dean DeBlois,Chris Sanders"
202,"Brie Larson,Jacob Tremblay,Sean Bridgers,Wendy Crewson,Sandy McMaster,Matt Gordon,Amanda Brugel,Joe Pingue,Joan Allen,Zarrin Darnell-Martin,Cas Anvar,William H. Macy,Jee-Yun Lee,Randal Edwards,Justin Mader,Ola Sturik,Rodrigo Fernandez-Stoll,Rory O'Shea",Lenny Abrahamson,Emma Donoghue
203,"Billy Crystal,John Goodman,Mary Gibbs,Steve Buscemi,James Coburn,Jennifer Tilly,Bob Peterson,John Ratzenberger,Frank Oz,Daniel Gerson,Steve Susskind,Bonnie Hunt,Jeff Pidgeon,Samuel Lord Black,Jack Angel,Bob Bergen,Rodger Bumpass,Gino Conforti","Pete Docter,David Silverman(co-director),Lee Unkrich(co-director)","Pete Docter,Jill Culton,Jeff Pidgeon"
204,"Roy Scheider,Robert Shaw,Richard Dreyfuss,Lorraine Gary,Murray Hamilton,Carl Gottlieb,Jeffrey Kramer,Susan Backlinie,Jonathan Filley,Ted Grossman,Chris Rebello,Jay Mello,Lee Fierro,Jeffrey Voorhees,Craig Kingsbury,Robert Nevin,Peter Benchley,Jonathan Searle",Steven Spielberg,"Peter Benchley,Carl Gottlieb"
205,"Robin Williams,Robert Sean Leonard,Ethan Hawke,Josh Charles,Gale Hansen,Dylan Kussman,Allelon Ruggiero,James Waterston,Norman Lloyd,Kurtwood Smith,Carla Belver,Leon Pownall,George Martin,Joe Aufiery,Matt Carey,Kevin Cooney,Jane Moore,Lara Flynn Boyle",Peter Weir,Tom Schulman
206,"Jeff Bridges,John Goodman,Julianne Moore,Steve Buscemi,David Huddleston,Philip Seymour Hoffman,Tara Reid,Philip Moon,Mark Pellegrino,Peter Stormare,Flea,Torsten Voges,Jimmie Dale Gilmore,Jack Kehler,John Turturro,James G. Hoosier,Carlos Leon,Terrence Burton","Joel Coen,Ethan Coen(uncredited)","Ethan Coen,Joel Coen"
207,"Chishû Ryû,Chieko Higashiyama,Sô Yamamura,Setsuko Hara,Haruko Sugimura,Kuniko Miyake,Kyôko Kagawa,Eijirô Tôno,Nobuo Nakamura,Shirô Ôsaka,Hisao Toake,Teruko Nagaoka,Mutsuko Sakura,Toyo Takahashi,Tôru Abe,Sachiko Mitani,Zen Murase,Mitsuhiro Môri",Yasujirô Ozu,"Kôgo Noda,Yasujirô Ozu"
208,"Maria Falconetti,Eugene Silvain,André Berley,Maurice Schutz,Antonin Artaud,Michel Simon,Jean d'Yd,Louis Ravet,Armand Lurville,Jacques Arnna,Alexandre Mihalesco,Léon Larive,Jean Aymé,Camille Bardou,Gilbert Dacheux,Gilbert Dalleu,Paul Delauzac,Dimitri Dimitriev",Carl Theodor Dreyer,"Joseph Delteil,Carl Theodor Dreyer"
209,"Don Cheadle,Sophie Okonedo,Joaquin Phoenix,Xolani Mali,Desmond Dube,Hakeem Kae-Kazim,Tony Kgoroge,Rosie Motene,Neil McCarthy,Mabutho 'Kid' Sithole,Nick Nolte,Fana Mokoena,Jeremiah Ndlovu,Lebo Mashile,Antonio David Lyons,Leleti Khumalo,Kgomotso Seitshohlo,Lerato Mokgotho",Terry George,"Keir Pearson,Terry George"
210,"Matt Damon,Christian Bale,Jon Bernthal,Caitríona Balfe,Josh Lucas,Noah Jupe,Tracy Letts,Remo Girone,Ray McKinnon,JJ Feild,Jack McMullen,Corrado Invernizzi,Joe Williamson,Ian Harding,Christopher Darga,Shawn Law,Emil Beheshti,Darrin Prescott",James Mangold,"Jez Butterworth,John-Henry Butterworth,Jason Keller"
211,"Sylvester Stallone,Talia Shire,Burt Young,Carl Weathers,Burgess Meredith,Thayer David,Joe Spinell,Jimmy Gambina,Bill Baldwin,Al Silvani,George Memmoli,Jodi Letizia,Diana Lewis,George O'Hanlon,Larry Carroll,Stan Shaw,Don Sherman,Billy Sands",John G. Avildsen,Sylvester Stallone
212,"Charlie Sheen,Tom Berenger,Willem Dafoe,Keith David,Forest Whitaker,Francesco Quinn,Kevin Dillon,John C. McGinley,Reggie Johnson,Mark Moses,Corey Glover,Johnny Depp,Chris Pedersen,Bob Orwig,Corkey Ford,David Neidorf,Richard Edson,Tony Todd",Oliver Stone,Oliver Stone
213,"Brad Garrett,Lou Romano,Patton Oswalt,Ian Holm,Brian Dennehy,Peter Sohn,Peter O'Toole,Janeane Garofalo,Will Arnett,Julius Callahan,James Remar,John Ratzenberger,Teddy Newton,Tony Fucile,Jake Steinfeld,Brad Bird,Stéphane Roux,Jack Bird","Brad Bird,Jan Pinkava(co-director)","Brad Bird,Jan Pinkava,Jim Capobianco"
214,"Mark Ruffalo,Michael Keaton,Rachel McAdams,Liev Schreiber,John Slattery,Brian d'Arcy James,Stanley Tucci,Elena Wohl,Gene Amoroso,Doug Murray,Sharon McFarlane,Jamey Sheridan,Neal Huff,Billy Crudup,Robert B. Kennedy,Duane Murray,Brian Chamberlain,Michael Cyril Creighton",Tom McCarthy,"Josh Singer,Tom McCarthy"
215,"Arnold Schwarzenegger,Linda Hamilton,Michael Biehn,Paul Winfield,Lance Henriksen,Rick Rossovich,Bess Motta,Earl Boen,Dick Miller,Shawn Schepps,Bruce M. Kerner,Franco Columbu,Bill Paxton,Brad Rearden,Brian Thompson,William Wisher,Ken Fritz,Tom Oberhaus",James Cameron,"James Cameron,Gale Anne Hurd,William Wisher"
216,"Hugh Jackman,Patrick Stewart,Dafne Keen,Boyd Holbrook,Stephen Merchant,Elizabeth Rodriguez,Richard E. Grant,Eriq La Salle,Elise Neal,Quincy Fouse,Al Coronel,Frank Gallegos,Anthony Escobar,Reynaldo Gallegos,Krzysztof Soszynski,Stephen Dunlevy,Daniel Bernhardt,Ryan Sturz",James Mangold,"James Mangold,Scott Frank,Michael Green"
217,"Wil Wheaton,River Phoenix,Corey Feldman,Jerry O'Connell,Kiefer Sutherland,Casey Siemaszko,Gary Riley,Bradley Gregg,Jason Oliver Lipsett,Marshall Bell,Frances Lee McCain,Bruce Kirby,William Bronder,Scott Beach,Richard Dreyfuss,John Cusack,Madeleine Swift,Popeye",Rob Reiner,"Stephen King,Raynold Gideon,Bruce A. Evans"
218,"Daniel Brühl,Chris Hemsworth,Olivia Wilde,Alexandra Maria Lara,Pierfrancesco Favino,David Calder,Natalie Dormer,Stephen Mangan,Christian McKay,Alistair Petrie,Julian Rhind-Tutt,Colin Stinton,Jamie de Courcey,Augusto Dallara,Ilario Calvo,Patrick Baladi,Vincent Riotta,Martin Savage",Ron Howard,Peter Morgan
219,"Faye Dunaway,William Holden,Peter Finch,Robert Duvall,Wesley Addy,Ned Beatty,Arthur Burghardt,Bill Burrows,John Carpenter,Jordan Charney,Kathy Cronkite,Ed Crowley,Jerome Dempsey,Conchata Ferrell,Gene Gross,Stanley Grover,Cindy Grover,Darryl Hickman",Sidney Lumet,Paddy Chayefsky
220,"Emile Hirsch,Vince Vaughn,Catherine Keener,Marcia Gay Harden,William Hurt,Jena Malone,Brian H. Dierker,Kristen Stewart,Hal Holbrook,Jim Gallien,James O'Neill,Malinda McCollum,Paul Knauls,Zach Galifianakis,Craig Mutsch,Jim Beidler,John Decker,John Hofer",Sean Penn,"Sean Penn,Jon Krakauer"
221,"Ethan Hawke,Julie Delpy,Vernon Dobtcheff,Louise Lemoine Torrès,Rodolphe Pauly,Mariane Plasteig,Diabolo,Denis Evrard,Albert Delpy,Marie Pillet",Richard Linklater,"Richard Linklater,Julie Delpy,Ethan Hawke"
222,"Judy Garland,Frank Morgan,Ray Bolger,Bert Lahr,Jack Haley,Billie Burke,Margaret Hamilton,Charley Grapewin,Pat Walshe,Clara Blandick,Terry,The Singer Midgets,Franz Balluck,Josefine Balluck,Dorothy Barrett,Amelia Batchelor,Charles Becker,Freda Betsky","Victor Fleming,George Cukor(uncredited),Mervyn LeRoy(uncredited)","Noel Langley,Florence Ryerson,Edgar Allan Woolf"
223,"Kanu Bannerjee,Karuna Bannerjee,Subir Banerjee,Chunibala Devi,Uma Das Gupta,Runki Banerjee,Reba Devi,Aparna Devi,Tulsi Chakraborty,Haren Banerjee,Rampada Das,Nibhanani Devi,Rama Gangopadhaya,Roma Ganguli,Binoy Mukherjee,Haridhan Nag,Harimohan Nag,Kshirod Roy",Satyajit Ray,"Bibhutibhushan Bandyopadhyay,Satyajit Ray"
224,"Bill Murray,Andie MacDowell,Chris Elliott,Stephen Tobolowsky,Brian Doyle-Murray,Marita Geraghty,Angela Paton,Rick Ducommun,Rick Overton,Robin Duke,Carol Bivins,Willie Garson,Ken Hudson Campbell,Les Podewell,Rod Sell,Tom Milanovich,John M. Watson Sr.,Peggy Roeder",Harold Ramis,"Danny Rubin,Harold Ramis"
225,"Myrna Loy,Dana Andrews,Fredric March,Teresa Wright,Virginia Mayo,Cathy O'Donnell,Hoagy Carmichael,Harold Russell,Gladys George,Roman Bohnen,Ray Collins,Minna Gombell,Walter Baldwin,Steve Cochran,Dorothy Adams,Don Beddoe,Marlene Aames,Charles Halton",William Wyler,"Robert E. Sherwood,MacKinlay Kantor"
226,"Ellen Burstyn,Max von Sydow,Linda Blair,Lee J. Cobb,Kitty Winn,Jack MacGowran,Jason Miller,William O'Malley,Barton Heyman,Peter Masterson,Rudolf Schündler,Gina Petrushka,Robert Symonds,Arthur Storch,Thomas Bermingham,Vasiliki Maliaros,Titos Vandis,John Mahon",William Friedkin,William Peter Blatty
227,"Craig T. Nelson,Samuel L. Jackson,Holly Hunter,Jason Lee,Dominique Louis,Teddy Newton,Jean Sincere,Eli Fucile,Maeve Andrews,Wallace Shawn,Spencer Fox,Lou Romano,Wayne Canney,Sarah Vowell,Michael Bird,Elizabeth Peña,Bud Luckey,Brad Bird",Brad Bird,Brad Bird
228,"Carole Lombard,Jack Benny,Robert Stack,Felix Bressart,Lionel Atwill,Stanley Ridges,Sig Ruman,Tom Dugan,Charles Halton,George Lynn,Henry Victor,Maude Eburne,Halliwell Hobbes,Miles Mander,Rudolph Anders,Paul Barrett,Sven Hugo Borg,Danny Borzage",Ernst Lubitsch,"Melchior Lengyel,Edwin Justus Mayer,Ernst Lubitsch"
229,"Vincent Cassel,Hubert Koundé,Saïd Taghmaoui,Abdel Ahmed Ghili,Solo,Joseph Momo,Héloïse Rauth,Rywka Wajsbrot,Olga Abrego,Laurent Labasse,Choukri Gabteni,Nabil Ben Mhamed,Benoît Magimel,Médard Niang,Arash Mansour,Abdel-Moulah Boujdouni,Mathilde Vitry,Christian Moro",Mathieu Kassovitz,Mathieu Kassovitz
230,"Brahim Hadjadj,Jean Martin,Yacef Saadi,Samia Kerbash,Ugo Paletti,Fusia El Kader,Mohamed Ben Kassen,Franco Moruzzi,Tommaso Neri,Rouïched,Gene Wesson",Gillo Pontecorvo,"Franco Solinas,Gillo Pontecorvo"
231,"Johnny Depp,Geoffrey Rush,Orlando Bloom,Keira Knightley,Jack Davenport,Jonathan Pryce,Lee Arenberg,Mackenzie Crook,Damian O'Hare,Giles New,Angus Barnett,David Bailie,Michael Berry Jr.,Isaac C. Singleton Jr.,Kevin McNally,Treva Etienne,Zoe Saldana,Guy Siner",Gore Verbinski,"Ted Elliott,Terry Rossio,Stuart Beattie"
232,"Richard Gere,Joan Allen,Cary-Hiroyuki Tagawa,Sarah Roemer,Jason Alexander,Erick Avari,Davenia McFadden,Robbie Sublett,Kevin DeCoste,Rob Degnan,Tora Hallström,Donna Sorbello,Frank S. Aronson,Troy Doherty,Ian Sherman,Timothy Crowe,Denece Ryland,Blake Friedman",Lasse Hallström,"Stephen P. Lindsey,Kaneto Shindô"
233,"Henry Fonda,Jane Darwell,John Carradine,Charley Grapewin,Dorris Bowdon,Russell Simpson,O.Z. Whitehead,John Qualen,Eddie Quillan,Zeffie Tilbury,Frank Sully,Frank Darien,Darryl Hickman,Shirley Mills,Roger Imhof,Grant Mitchell,Charles D. Brown,John Arledge",John Ford,"Nunnally Johnson,John Steinbeck"
234,"Suriya,Lijo Mol Jose,Manikandan K.,Rajisha Vijayan,Prakash Raj,Rao Ramesh,Guru Somasundaram,M.S. Bhaskar,V. Jayaprakash,Sibi Thomas,Ilavarasu,Jayarao,Sujatha Sivakumar,Ravi Venkatraman,Tamizh,Kumaravel,Supergood Subramani,Bala Hasan",T.J. Gnanavel,"T.J. Gnanavel,Rajendra Sapre"
235,"Çetin Tekindor,Fikret Kuskan,Hümeyra,Ege Tanman,Serif Sezer,Yetkin Dikinciler,Binnur Kaya,Mahmut Gökgöz,Nergis Çorakçi,Bilge Sen,Tuba Büyüküstün,Özge Özberk,Erdal Tosun,Halit Ergenç,Tugyan Akay Kavukçu,Ege Kaya,Muzaffer Demirel,Burak Akçakaya",Çagan Irmak,Çagan Irmak
236,"Emilio Echevarría,Gael García Bernal,Goya Toledo,Álvaro Guerrero,Vanessa Bauche,Jorge Salinas,Marco Pérez,Rodrigo Murray,Humberto Busto,Gerardo Campbell,Rosa María Bianchi,Dunia Saldívar,Adriana Barraza,José Sefami,Lourdes Echevarría,Laura Almela,Ricardo Dalmacci,Gustavo Sánchez Parra",Alejandro G. Iñárritu,Guillermo Arriaga
237,"Laurence Olivier,Joan Fontaine,George Sanders,Judith Anderson,Nigel Bruce,Reginald Denny,C. Aubrey Smith,Gladys Cooper,Florence Bates,Melville Cooper,Leo G. Carroll,Leonard Carey,Lumsden Hare,Edward Fielding,Philip Winter,Forrester Harvey,Bunny Beatty,Billy Bevan",Alfred Hitchcock,"Daphne Du Maurier,Robert E. Sherwood,Joan Harrison"
238,"Paul Newman,George Kennedy,Strother Martin,J.D. Cannon,Lou Antonio,Robert Drivas,Jo Van Fleet,Clifton James,Morgan Woodward,Luke Askew,Marc Cavell,Richard Davalos,Robert Donner,Warren Finnerty,Dennis Hopper,John McLiam,Wayne Rogers,Harry Dean Stanton",Stuart Rosenberg,"Donn Pearce,Frank Pierson,Hal Dresner"
239,"Kim Min-hee,Ha Jung-woo,Cho Jin-woong,Moon So-ri,Kim Tae-ri,Yong-nyeo Lee,Min-chae Yoo,Dong-hwi Lee,Kim Hae-sook,Kyu-jung Lee,Si-eun Kim,Si-yeon Ha,Rina Takagi,Geun-hee Won,Jong-Dae Kim,Han-sun Jang,Eun-yeong Kim,Ri-woo Kim",Park Chan-wook,"Sarah Waters,Chung Seo-kyung,Park Chan-wook"
240,"Jean-Pierre Léaud,Albert Rémy,Claire Maurier,Guy Decomble,Georges Flamant,Patrick Auffay,Daniel Couturier,François Nocher,Richard Kanayan,Renaud Fontanarosa,Michel Girard,Serge Moati,Bernard Abbou,Jean-François Bergouignan,Michel Lesignor,Luc Andrieux,Robert Beauvais,Bouchon",François Truffaut,"François Truffaut,Marcel Moussy"
241,"Julie Andrews,Christopher Plummer,Eleanor Parker,Richard Haydn,Peggy Wood,Charmian Carr,Heather Menzies-Urich,Nicholas Hammond,Duane Chase,Angela Cartwright,Debbie Turner,Kym Karath,Anna Lee,Portia Nelson,Ben Wright,Daniel Truhitte,Norma Varden,Gilchrist Stuart",Robert Wise,"Georg Hurdalek,Howard Lindsay,Russel Crouse"
242,"Clark Gable,Claudette Colbert,Walter Connolly,Roscoe Karns,Jameson Thomas,Alan Hale,Arthur Hoyt,Blanche Friderici,Charles C. Wilson,Ernie Adams,Jessie Arnold,Irving Bacon,William Bailey,William Begg,William A. Boardway,Ward Bond,Harry C. Bradley,George P. Breakston",Frank Capra,"Robert Riskin,Samuel Hopkins Adams"
243,"Bibi Andersson,Liv Ullmann,Margaretha Krook,Gunnar Björnstrand,Jörgen Lindström",Ingmar Bergman,Ingmar Bergman
244,"Graham Chapman,John Cleese,Michael Palin,Terry Gilliam,Eric Idle,Terry Jones,Terence Bayler,Carol Cleveland,Kenneth Colley,Neil Innes,Charles McKeown,John Young,Gwen Taylor,Sue Jones-Davies,Peter Brett,John Case,Chris Langham,Andrew MacLachlan",Terry Jones,"Graham Chapman,John Cleese,Terry Gilliam"
245,"Eli Marienthal,Harry Connick Jr.,Jennifer Aniston,Vin Diesel,James Gammon,Cloris Leachman,Christopher McDonald,John Mahoney,M. Emmet Walsh,Jack Angel,Bob Bergen,Mary Kay Bergman,Michael Bird,Devon Cole Borisoff,Rodger Bumpass,Robert Clotworthy,Jennifer Darling,Zack Eginton",Brad Bird,"Tim McCanlies,Brad Bird,Ted Hughes"
246,"Viola Davis,Emma Stone,Octavia Spencer,Bryce Dallas Howard,Jessica Chastain,Ahna O'Reilly,Allison Janney,Anna Camp,Eleanor Henry,Emma Henry,Christopher Lowell,Cicely Tyson,Mike Vogel,Sissy Spacek,Brian Kerwin,Wes Chatham,Aunjanue Ellis,Ted Welch",Tate Taylor,"Tate Taylor,Kathryn Stockett"
247,"Maksim Munzuk,Yuriy Solomin,Mikhail Bychkov,Vladimir Khrulyov,V. Lastochkin,Stanislav Marin,Igor Sykhra,Vladimir Sergiyakov,Yanis Yakobsons,Vladimir Khlestov,G. Polunin,V. Koldin,M. Tetov,S. Sinyavskiy,Vladimir Sverba,V. Ignatov,Vladimir Kremena,Aleksandr Pyatkov",Akira Kurosawa,"Akira Kurosawa,Yuriy Nagibin,Vladimir Arsenev"
248,"Scott Weinger,Robin Williams,Linda Larkin,Jonathan Freeman,Frank Welker,Gilbert Gottfried,Douglas Seale,Charlie Adler,Jack Angel,Corey Burton,Philip L. Clarke,Jim Cummings,Jennifer Darling,Debi Derryberry,Bruce Gooch,Jerry Houser,Vera Lockwood,Sherry Lynn","Ron Clements,John Musker","Ron Clements,John Musker,Ted Elliott"
249,"Ben Kingsley,John Gielgud,Rohini Hattangadi,Roshan Seth,Candice Bergen,Edward Fox,Trevor Howard,John Mills,Martin Sheen,Ian Charleson,Günther Maria Halmer,Athol Fugard,Saeed Jaffrey,Geraldine James,Alyque Padamsee,Amrish Puri,Ian Bannen,Michael Bryant",Richard Attenborough,John Briley
250,"Kevin Costner,Mary McDonnell,Graham Greene,Rodney A. Grant,Floyd 'Red Crow' Westerman,Tantoo Cardinal,Robert Pastorelli,Charles Rocket,Maury Chaykin,Jimmy Herman,Nathan Lee Chasing His Horse,Michael Spears,Jason R. Lone Hill,Tony Pierce,Doris Leader Charge,Tom Everett,Larry Joshua,Kirk Baltz",Kevin Costner,Michael Blake
